item_id	name	classname	invgfx
40001	燈	Light	3
40002	燈籠	Light	140
40003	燈油	Lamp_Oil	142
40004	魔法燈籠	Light	140
40005	蠟燭	Light	24
40006	松木魔杖	wand.Create_Monster_Magic_Wand	117
40007	閃電魔杖	wand.Lightning_Magic_Wand	118
40008	楓木魔杖	wand.Poly_Magic_Wand	116
40009	驅逐魔杖	wand.Wand_Blink	118
40010	治癒藥水	hp.UserAddHp 10 20 189	80
40011	強力治癒藥水	hp.UserAddHp 30 50 194	78
40012	終極治癒藥水	hp.UserAddHp 60 80 197	81
40013	自我加速藥水	brave.StatusHaste 300 191	77
40014	勇敢藥水	brave.StatusBrave 300 751	79
40015	加速魔力回復藥水	mp.UserMprBlue 600 190	75
40016	慎重藥水	brave.StatusWisdomPotion	1529
40017	解毒藥水	Disintoxicat_Potion	76
40018	強化 自我加速藥水	brave.StatusHaste 1800 191	621
40019	濃縮體力恢復劑	hp.UserAddHp 10 20 189	535
40020	濃縮強力體力恢復劑	hp.UserAddHp 30 50 194	532
40021	濃縮終極體力恢復劑	hp.UserAddHp 60 80 197	536
40022	古代體力恢復劑	hp.UserAddHp 10 16 189	1161
40023	古代強力體力恢復劑	hp.UserAddHp 16 48 194	1162
40024	古代終極體力恢復劑	hp.UserAddHp 48 54 197	1163
40025	失明藥水	Blindness_Potion	82
40026	香蕉汁	hp.UserAddHp 10 20 189	1033
40027	橘子汁	hp.UserAddHp 10 20 189	1034
40028	蘋果汁	hp.UserAddHp 10 20 189	1032
40029	修練者治癒藥水	hp.UserAddHp 10 20 189	80
40030	修練者強化加速藥水	brave.StatusHaste 300 191	77
40031	惡魔之血	brave.StatusBrave 600 751	1761
40032	伊娃的祝福	Water_Essence	557
40033	萬能藥(力量)	power.Elixir STR	1143
40034	萬能藥(體質)	power.Elixir CON	1140
40035	萬能藥(敏捷)	power.Elixir DEX	1141
40036	萬能藥(智慧)	power.Elixir INT	1142
40037	萬能藥(精神)	power.Elixir WIS	1144
40038	萬能藥(魅力)	power.Elixir CHA	1139
40039	紅酒	brave.StatusHaste 600 191	1646
40040	威士忌	brave.StatusHaste 900 191	1647
40041	人魚之鱗	Water_Essence	556
40042	精神藥水	mp.UserAddMp 30 30 190	1730
40043	兔子的肝	hp.UserAddHp 400 400 189	904
40044	鑽石	0	236
40045	紅寶石	0	242
40046	藍寶石	0	245
40047	綠寶石	0	239
40048	品質 鑽石	0	237
40049	品質 紅寶石	0	243
40050	品質 藍寶石	0	246
40051	品質 綠寶石	0	240
40052	高品質 鑽石	0	238
40053	高品質 紅寶石	0	244
40054	高品質 藍寶石	0	247
40055	高品質 綠寶石	0	241
40056	肉	food 1	124
40057	漂浮之眼肉	food 1	1205
40058	煙燻的麵包屑	hp.UserAddHp 10 30 189	1648
40059	蛋	food 1	40
40060	胡蘿蔔	food 1	25
40061	檸檬	food 1	63
40062	香蕉	food 1	127
40063	情人節巧克力	0	608
40064	蘋果	food 1	995
40065	情人禮物(糖果)	0	936
40066	年糕	mp.UserAddMp 5 15 190	1157
40068	精靈餅乾	brave.StatusElfBrave 480 751	130
40069	橘子	food 1	71
40070	進化果實	Evolution_Fruit	1316
40071	烤焦的麵包屑	hp.UserAddHp 30 70 197	1649
40072	烤薄餅	food 1	125
40073	復活蛋	food 1	614
40074	對盔甲施法的卷軸	reel.ScrollEnchantArmor	467
40075	毀滅盔甲的卷軸	0	476
40076	古代的卷軸	0	911
40077	古代人的煉金術卷軸	0	1690
40078	古代人的咒術卷軸	0	1693
40079	傳送回家的卷軸	teleport.Scroll_GoHome	474
40080	古魯丁村莊指定傳送卷軸	teleport.Sor_City	474
40081	奇岩村莊指定傳送卷軸	teleport.Sor_City	474
40082	指定傳送卷軸(歌唱之島)	teleport.Sor_City	474
40083	大洞穴移動卷軸	teleport.Sor_City	1813
40084	狄亞得移動卷軸	teleport.Sor_City	474
40085	說話之島指定傳送卷軸	teleport.Sor_City	474
40086	集體傳送術的卷軸	0	469
40087	對武器施法的卷軸	reel.ScrollEnchantWeapon	468
40088	變形卷軸	sosc.Sosc_Polyitem 1800	472
40089	復活卷軸	Scroll_Resurrection	471
40090	空的魔法卷軸(等級1)	Blank_MagicReel	859
40091	空的魔法卷軸(等級2)	Blank_MagicReel	860
40092	空的魔法卷軸(等級3)	Blank_MagicReel	858
40093	空的魔法卷軸(等級4)	Blank_MagicReel	862
40094	空的魔法卷軸(等級5)	Blank_MagicReel	864
40095	修練者傳送回家的卷軸	teleport.Scroll_GoHome	474
40096	修練者變形卷軸	0	472
40097	修練者解咒卷軸	Scroll_CurseRemoval	470
40098	象牙塔鑑定卷軸	Appraisal_Reel	475
40099	修練者瞬間移動卷軸	teleport.Scroll_Move	473
40100	瞬間移動卷軸	teleport.Scroll_Move	473
40101	指定傳送卷軸(隱藏之谷)	teleport.Sor_City	474
40102	亞丁村莊指定傳送卷軸	teleport.Sor_City	474
40103	歐瑞村莊指定傳送卷軸	teleport.Sor_City	474
40114	妖魔森林指定傳送卷軸	teleport.Sor_City	474
40115	風木村莊指定傳送卷軸	teleport.Sor_City	474
40116	威頓村莊指定傳送卷軸	teleport.Sor_City	474
40117	銀騎士村莊指定傳送卷軸	teleport.Sor_City	474
40118	隱遁者村莊指定傳送卷軸	teleport.Sor_City	1815
40119	解除咀咒的卷軸	Scroll_CurseRemoval	470
40120	抵抗軍村莊指定傳送卷軸	teleport.Sor_City	1814
40121	指定傳送(奇岩商店街)	teleport.SOR_UserSet false	474
40122	肯特村莊指定傳送卷軸	teleport.Sor_City	474
40123	海音村莊指定傳送卷軸	teleport.Sor_City	474
40124	血盟傳送卷軸	teleport.Scroll_Pledge	474
40125	燃柳村莊指定傳送卷軸	teleport.Sor_City	474
40126	鑑定卷軸	Appraisal_Reel	475
40127	對盔甲施法的幻象卷軸	0	928
40128	對武器施法的幻象卷軸	0	929
40129	奇安的卷軸	0	1686
40130	金侃的卷軸	0	1687
40131	甘地圖騰	0	261
40132	那魯加圖騰	0	259
40133	都達瑪拉圖騰	0	260
40134	羅孚圖騰	0	262
40135	阿吐巴圖騰	0	258
40136	三連發煙火	Firework	596
40137	六連發煙火	Firework	598
40138	高級六連發煙火	Firework	597
40139	藍色兩段煙火	Firework	595
40140	藍色仙女棒	Firework	599
40141	藍色煙火	Firework	593
40142	藍色心型煙火	Firework	594
40143	紅色兩段煙火	Firework	595
40144	紅色仙女棒	Firework	599
40145	紅色煙火	Firework	593
40146	紅色心型煙火	Firework	594
40147	綠色兩段圓形煙火	Firework	595
40148	綠色兩段煙火	Firework	595
40149	藍色圓形煙火	Firework	594
40150	綠色仙女棒	Firework	599
40151	淡綠色煙火	Firework	593
40152	綠色煙火	Firework	593
40153	綠色心型煙火	Firework	594
40154	聖誕煙火	Firework	1207
40155	黃色兩段圓形煙火	Firework	595
40156	黃色兩段煙火	Firework	595
40157	黃色圓形煙火	Firework	594
40158	黃色仙女棒	Firework	599
40159	黃色煙火	Firework	593
40160	淡黃色煙火	Firework	593
40161	黃色心型煙火	Firework	594
40162	高崙之心	0	1467
40163	黃金鑰匙	0	59
40164	技術書(衝擊之暈)	0	4225
40165	技術書(增幅防禦)	0	4221
40166	技術書(尖刺盔甲)	0	4223
40167	古老皮袋	0	1643
40168	古老絲袋	0	1645
40169	飛龍之心	0	1462
40273	黑暗精靈水晶(毒性抵抗)	0	4236
40274	黑暗精靈水晶(敏捷提升)	0	4236
40275	黑暗精靈水晶(雙重破壞)	0	4240
40276	黑暗精靈水晶(暗影閃避)	0	4240
40277	黑暗精靈水晶(暗影之牙)	0	4240
40278	黑暗精靈水晶(會心一擊)	0	4240
40279	黑暗精靈水晶(迴避提升)	0	4240
40660	試煉卷軸	0	929
41147	技術書(堅固防護)	0	4221
41148	技術書(反擊屏障)	0	4225
41149	精靈水晶(烈焰之魂)	0	685
41150	精靈水晶(能量激發)	0	685
41151	精靈水晶(水之防護)	0	683
41152	精靈水晶(污濁之水)	0	688
41153	精靈水晶(精準射擊)	0	689
45000	魔法書 (初級治癒術)	0	250
45001	魔法書 (日光術)	0	250
45002	魔法書 (保護罩)	0	250
45003	魔法書 (光箭)	0	250
45004	魔法書 (指定傳送)	0	250
45005	魔法書 (冰箭)	0	250
45006	魔法書 (風刃)	0	250
45007	魔法書 (神聖武器)	0	250
45008	魔法書 (解毒術)	0	250
45009	魔法書 (寒冷戰慄)	0	255
45010	魔法書 (毒咒)	0	255
45011	魔法書 (擬似魔法武器)	0	250
45012	魔法書 (無所遁形術)	0	250
45013	魔法書 (負重強化)	0	250
45014	魔法書 (地獄之牙)	0	250
45015	魔法書 (火箭)	0	250
45016	魔法書 (極光雷電)	0	250
45017	魔法書 (寒冰氣息)	0	250
45018	魔法書 (中級治癒術)	0	250
45019	魔法書 (闇盲咒術)	0	255
45020	魔法書 (鎧甲護持)	0	250
45021	魔法書 (起死回生術)	0	250
45022	魔法書 (能量感測)	0	250
49102	龍騎士書板(龍之護鎧)	0	3035
49103	龍騎士書板(燃燒擊砍)	0	3035
49104	龍騎士書板(護衛毀滅)	0	3035
49105	龍騎士書板(岩漿噴吐)	0	3035
49106	龍騎士書板(覺醒：安塔瑞斯)	0	3035
49107	龍騎士書板(血之渴望)	0	3036
49108	龍騎士書板(屠宰者)	0	3036
49109	龍騎士書板(恐懼無助)	0	3036
49110	龍騎士書板(岩漿之箭)	0	3036
49111	龍騎士書板(覺醒：法利昂)	0	3036
49112	龍騎士書板(致命身軀)	0	3037
49113	龍騎士書板(奪命之雷)	0	3037
49114	龍騎士書板(驚悚死神)	0	3037
49115	龍騎士書板(暴龍之眼)	0	3037
49116	龍騎士書板(覺醒：巴拉卡斯)	0	3037
49117	記憶水晶(鏡像)	0	3008
49118	記憶水晶(混亂)	0	3008
49119	記憶水晶(粉碎能量)	0	3008
40170	魔法書 (燃燒的火球)	0	249
40171	魔法書 (通暢氣脈術)	0	249
40172	魔法書 (壞物術)	0	254
40173	魔法書 (吸血鬼之吻)	0	254
40174	魔法書 (緩速術)	0	249
40175	魔法書 (魔法屏障)	0	249
40176	魔法書 (冥想術)	0	249
40177	魔法書 (岩牢)	0	249
40178	魔法書 (木乃伊的詛咒)	0	255
40179	魔法書 (極道落雷)	0	250
40180	魔法書 (高級治癒術)	0	250
40181	魔法書 (迷魅術)	0	250
40182	魔法書 (聖潔之光)	0	250
40183	魔法書 (冰錐)	0	250
40184	魔法書 (魔力奪取)	0	250
40185	魔法書 (黑闇之影)	0	255
40186	魔法書 (造屍術)	0	255
40187	魔法書 (體魄強健術)	0	250
40188	魔法書 (加速術)	0	250
40189	魔法書 (魔法相消術)	0	250
40190	魔法書 (地裂術)	0	250
40191	魔法書 (烈炎術)	0	250
40192	魔法書 (弱化術)	0	255
40193	魔法書 (祝福魔法武器)	0	250
40194	魔法書 (體力回復術)	0	251
40195	魔法書 (冰矛圍籬)	0	251
40196	魔法書 (召喚術)	0	256
40197	魔法書 (神聖疾走)	0	251
40198	魔法書 (龍捲風)	0	251
40199	魔法書 (強力加速術)	0	251
40200	魔法書 (狂暴術)	0	251
40201	魔法書 (疾病術)	0	256
40202	魔法書 (全部治癒術)	0	251
40203	魔法書 (火牢)	0	251
40204	魔法書 (冰雪暴)	0	256
40205	魔法書 (隱身術)	0	251
40206	魔法書 (返生術)	0	251
40207	魔法書 (震裂術)	0	251
40208	魔法書 (治癒能量風暴)	0	251
40209	魔法書 (魔法封印)	0	251
40210	魔法書 (雷霆風暴)	0	252
40211	魔法書 (沉睡之霧)	0	257
40212	魔法書 (變形術)	0	252
40213	魔法書 (聖結界)	0	252
40214	魔法書 (集體傳送術)	0	252
40215	魔法書 (火風暴)	0	252
40216	魔法書 (藥水霜化術)	0	257
40217	魔法書 (強力無所遁形術)	0	252
40218	魔法書 (創造魔法武器)	0	252
40219	魔法書 (流星雨)	0	252
40280	封印的傲慢之塔傳送符(11F)	0	1164
40281	封印的傲慢之塔傳送符(21F)	0	1164
40282	封印的傲慢之塔傳送符(31F)	0	1164
40283	封印的傲慢之塔傳送符(41F)	0	1164
40284	封印的傲慢之塔傳送符(51F)	0	1164
40285	封印的傲慢之塔傳送符(61F)	0	1164
40286	封印的傲慢之塔傳送符(71F)	0	1164
40287	封印的傲慢之塔傳送符(81F)	0	1164
40288	封印的傲慢之塔傳送符(91F)	0	1164
40289	傲慢之塔傳送符(11F)	teleport.TOI_TeleportAmulet	1036
40290	傲慢之塔傳送符(21F)	teleport.TOI_TeleportAmulet	1036
40291	傲慢之塔傳送符(31F)	teleport.TOI_TeleportAmulet	1036
40292	傲慢之塔傳送符(41F)	teleport.TOI_TeleportAmulet	1036
40293	傲慢之塔傳送符(51F)	teleport.TOI_TeleportAmulet	1036
40294	傲慢之塔傳送符(61F)	teleport.TOI_TeleportAmulet	1036
40295	傲慢之塔傳送符(71F)	teleport.TOI_TeleportAmulet	1036
40296	傲慢之塔傳送符(81F)	teleport.TOI_TeleportAmulet	1036
40297	傲慢之塔傳送符(91F)	teleport.TOI_TeleportAmulet	1036
40298	往說話之島的船票	0	138
40299	往古魯丁的船票	0	138
40300	遺忘之島船票	0	138
40301	海音港口船票	0	138
40302	海賊島船票	0	138
40303	隱藏港口船票	0	138
40304	馬普勒之石	0	544
40305	帕格里奧之石	0	545
40306	伊娃之石	0	543
40307	沙哈之石	0	546
40308	金幣	0	5
40309	賽狗場競賽票	0	143
40310	信紙	0	464
40311	血盟的信紙	0	464
40312	旅館鑰匙	0	59
40313	巴風特監獄的鑰匙	0	2442
40314	項圈	Pet_Collar	487
40315	哨子	Whistle	477
40316	項圈	Pet_Collar	1617
40317	磨刀石	Hone	478
40318	魔法寶石	0	235
40319	精靈玉	0	706
40320	一級黑魔石	0	1061
40321	二級黑魔石	0	1054
40322	三級黑魔石	0	1055
40323	四級黑魔石	0	1056
40324	五級黑魔石	0	1057
40325	2階段魔法骰子	Dices	1210
40326	3階段魔法骰子	Dices	1212
40327	4階段魔法骰子	Dices	1214
40328	6階段魔法骰子	Dices	1216
40329	原住民圖騰	Scroll_CurseRemoval	1763
40330	無限箭筒	0	1762
40331	肯特勇士之劍	0	1650
40332	肯特射手之弓	0	1652
40333	肯特法師魔杖	0	1654
40334	肯特刺客雙刀	0	1656
40335	肯特戰士斧頭	0	1658
40336	肯特徽章長靴	0	1639
40337	肯特徽章盔甲	0	1642
40338	肯特徽章手套	0	1640
40339	肯特徽章盾牌	0	1660
40340	肯特徽章頭盔	0	1641
40341	安塔瑞斯之鱗	0	1284
40342	安塔瑞斯之爪	0	1264
40343	安塔瑞斯之眼	0	1276
40344	安塔瑞斯之血	0	1268
40345	安塔瑞斯之肉	0	1280
40346	安塔瑞斯之心	0	1292
40347	安塔瑞斯之骨	0	1272
40348	安塔瑞斯之牙	0	1288
40349	巴拉卡斯之鱗	0	1283
40350	巴拉卡斯之爪	0	1263
40351	巴拉卡斯之眼	0	1275
40352	巴拉卡斯之血	0	1267
40353	巴拉卡斯之肉	0	1279
40354	巴拉卡斯之心	0	1291
40355	巴拉卡斯之骨	0	1271
40356	巴拉卡斯之牙	0	1287
40357	法利昂之鱗	0	1281
40358	法利昂之爪	0	1261
40359	法利昂之眼	0	1273
40360	法利昂之血	0	1265
40361	法利昂之肉	0	1277
40362	法利昂之心	0	1289
40363	法利昂之骨	0	1269
40364	法利昂之牙	0	1285
40365	林德拜爾之鱗	0	1282
40366	林德拜爾之爪	0	1262
40367	林德拜爾之眼	0	1274
40368	林德拜爾之血	0	1266
40369	林德拜爾之肉	0	1278
40370	林德拜爾之心	0	1290
40371	林德拜爾之骨	0	1270
40372	林德拜爾之牙	0	1286
40373	地圖:大陸全圖	MapR	1138
40374	地圖:說話之島	MapR	479
40375	地圖:古魯丁	MapR	479
40376	地圖:肯特城	MapR	479
40377	地圖:妖魔城堡	MapR	479
40378	地圖:妖精森林	MapR	479
40379	地圖:風木之城	MapR	479
40380	地圖:銀騎士村莊	MapR	479
40381	地圖:龍之谷	MapR	479
40382	地圖:奇岩	MapR	479
40383	地圖:歌唱之島	MapR	479
40384	地圖:隱藏之谷	MapR	479
40385	地圖:海音	MapR	479
40386	地圖:火龍窟	MapR	479
40387	地圖:歐瑞	MapR	479
40388	地圖:亞丁	MapR	479
40389	地圖:沉默洞穴	MapR	479
40390	地圖:海賊島	MapR	479
40391	計算機	0	1606
40393	火龍鱗	0	549
40394	風龍鱗	0	550
40395	水龍鱗	0	547
40396	地龍鱗	0	548
40397	奇美拉之皮(龍)	0	965
40398	奇美拉之皮(山羊)	0	966
40399	奇美拉之皮(獅子)	0	967
40400	奇美拉之皮(蛇)	0	968
40401	詛咒的皮革(火)	0	1177
40402	詛咒的皮革(水)	0	1167
40403	詛咒的皮革(風)	0	1186
40404	詛咒的皮革(地)	0	1175
40405	皮革	0	446
40406	高級皮革	0	455
40407	骨頭碎片	0	444
40408	金屬塊	0	454
40409	不死鳥之心	0	1468
40410	黑暗安特的樹皮	wand.Poly_Magic_Wand	1494
40411	黑暗安特的水果	Fruit_BlackEnt	1495
40412	黑暗安特的樹枝	wand.Twig_Of_Black_Ent	1493
40413	冰之女王之心	0	1469
40414	鍊金術之石	0	1717
40415	遺物袋子	0	1644
40416	詛咒之血	Cursed_Blood	1716
40417	精靈結晶	Elf_Crystallization true	244
40418	墮落的財物	0	1759
40419	巨大莫妮亞蜘蛛絲	0	1807
40420	古代人的咒術書1冊	0	1684
40421	古代人的咒術書2冊	0	1688
40422	古代人的咒術書3冊	0	1691
40423	古代人的咒術書4冊	0	1694
40424	狼皮	0	1802
40425	黑暗棲林者藥水	0	1492
40426	黑暗棲林者戒指	0	1488
40427	黑暗妖精袋子	0	1805
40428	月光之淚	0	1323
40429	大洞穴卷軸碎片	0	1800
40430	大洞穴水晶	0	1811
40431	鼴鼠的皮	0	1505
40432	狄亞得卷軸碎片	0	1800
40433	犰狳之爪	0	1809
40434	犰狳的尾巴	0	1506
40435	深淵之花的花苞	0	1501
40436	深淵之花的根	0	1500
40437	深淵花枝條	0	1803
40438	蝙蝠之牙	0	1801
40439	白金金屬板	0	1426
40440	白金	0	1424
40441	白金原石	0	1425
40442	布拉伯的胃液	0	1530
40443	黑色米索莉	0	1415
40444	黑色米索莉原石	0	1416
40445	黑色米索莉金屬板	0	1414
40446	黑法師戒指	0	1484
40447	黑虎的皮	0	1497
40448	黑虎的爪	0	1499
40449	黑虎的牙	0	1498
40450	黑暗安特的樹枝	0	1808
40451	黑虎之心	0	1804
40452	喚獸師戒指	0	1520
40453	喚獸師長鞭	0	1523
40454	馴獸師戒指	0	1338
40455	藍色布料	0	517
40456	紅色布料	0	519
40457	白色布料	0	520
40458	光明的鱗片	0	1171
40459	毒蠍之皮	0	1806
40460	阿西塔基奧的灰燼	0	591
40461	惡魔的黑色腳鐐	0	1685
40462	惡魔的紅色腳鐐	0	1689
40463	惡魔的藍色腳鐐	0	1692
40464	惡魔的白色腳鐐	0	1695
40465	精靈使戒指	0	1340
40466	龍之心	0	5782
40467	銀	0	1427
40468	銀原石	0	1428
40469	銀金屬板	0	1429
40470	原石碎片	0	1812
40471	精靈碎片	0	242
40472	地獄犬之皮	0	1810
40473	墮落鐮刀	0	1671
40474	墮落之毒	0	1677
40475	墮落首級	0	1661
40476	墮落之手	0	1682
40477	墮落的惡魔書1冊	0	1673
40478	墮落的惡魔書2冊	0	1676
40479	墮落的惡魔書3冊	0	1678
40480	墮落的惡魔書4冊	0	1681
40481	墮落之牙	0	1679
40482	墮落之舌	0	1674
40483	金屬蜈蚣的皮	0	1504
40484	金屬蜈蚣的毒液	0	1502
40485	金屬蜈蚣的牙	0	1503
40486	火山灰	0	1524
40487	黃金金屬板	0	1423
40488	黃金	0	1421
40489	黃金原石	0	1422
40490	黑暗元素石	0	1532
40491	格利芬羽毛	0	861
40492	綠水晶	0	1463
40493	魔法笛子	Magic_Flute	43
40494	純粹的米索莉塊	0	318
40495	米索莉線	0	307
40496	粗糙的米索莉塊	0	320
40497	米索莉金屬板	0	329
40498	風之淚	0	942
40499	蘑菇汁	0	82
40500	紫水晶	0	2064
40501	紅水晶	0	1464
40502	線	0	326
40503	芮克妮的網	0	308
40504	芮克妮的蛻皮	0	306
40505	安特之樹皮	0	311
40506	安特的水果	hp.UserAddHp 30 50 197	126
40507	安特之樹枝	Disintoxicat_Potion	309
40508	奧里哈魯根	0	319
40509	奧里哈魯根金屬板	0	330
40510	污濁安特的樹皮	0	2050
40511	污濁安特的水果	0	2049
40512	污濁安特的樹枝	0	2063
40513	食人巨魔的血	0	531
40514	精靈之淚	0	865
40515	元素石	0	1206
40516	品質綠水晶	0	2048
40517	品質紅水晶	0	1135
40518	品質藍水晶	0	2047
40519	潘的鬃毛	0	314
40520	精靈粉末	0	312
40521	精靈羽翼	teleport.Scroll_GoHome	313
40522	藍水晶	0	1465
40523	白水晶	0	2065
40524	黑色血痕	0	1166
40525	格蘭肯之淚	0	1183
40526	薄金屬板	0	329
40527	鋤頭	0	1535
40528	守護神之袋	0	957
40529	感謝信	0	917
40530	古代王族的鑰匙	0	1021
40531	古代騎士的鑰匙	0	1022
40532	古代法師的鑰匙	0	1024
40533	古代鑰匙(下半部)	0	1004
40534	古代鑰匙(上半部)	0	1005
40535	古代妖精的鑰匙	0	1023
40536	古代惡魔的記載	0	1002
40537	古代的遺物	0	998
40538	食屍鬼的指甲	0	918
40539	食屍鬼的牙齒	0	926
40540	古老的交易文件	0	919
40541	黑暗之星	0	1318
40542	變形怪的血	0	1006
40543	蛇女房間鑰匙	0	59
40544	蛇女之鱗	0	953
40545	倫得之袋	0	958
40546	馬沙之袋	0	957
40547	村民的遺物	0	952
40548	古代亡靈之袋	0	957
40549	炎魔之劍	0	1012
40550	炎魔之眼	0	1013
40551	炎魔之爪	0	1014
40552	炎魔之心	0	1015
40553	布魯迪卡之袋	0	958
40554	秘密名單	0	1041
40555	密室鑰匙	teleport.SecretRoom_Key	59
40556	暗殺名單之袋	0	958
40557	暗殺名單(古魯丁村)	0	1042
40558	暗殺名單(奇岩村)	0	1042
40559	暗殺名單(亞丁城鎮)	0	1042
40560	暗殺名單(風木村)	0	1042
40561	暗殺名單(肯特村)	0	1042
40562	暗殺名單(海音村)	0	1042
40563	暗殺名單(燃柳村)	0	1042
40564	生命的卷軸	0	912
40565	搜索狀	0	914
40566	神秘貝殼	wand.Create_Monster_Magic_Wand	999
40567	神秘水晶球	0	938
40568	神秘的袋子	0	958
40569	神秘魔杖	0	946
40570	艾莉亞的回報	0	973
40571	刺客首領的箱子	0	998
40572	刺客之證	0	1047
40573	靈魂之證	0	987
40574	靈魂之證	0	988
40575	靈魂之證	0	989
40576	靈魂水晶	0	991
40577	靈魂水晶	0	985
40578	靈魂水晶	0	990
40579	不死族的骨頭	0	934
40580	不死族的骨頭碎片	0	935
40581	不死族的鑰匙	0	59
40582	安迪亞之袋	0	1321
40583	安迪亞之信	0	1322
40584	雪怪首級	0	1045
40585	妖魔長老首級	0	1039
40586	王族徽章的碎片	0	992
40587	王族徽章的碎片	0	993
40588	妖精族寶物	0	957
40589	文明的鑰匙	0	1025
40590	楊果里恩之爪	0	139
40591	受詛咒的魔法書	0	909
40592	受詛咒的精靈書	0	940
40593	調查簿的缺頁	0	1800
40594	殭屍鑰匙	0	945
40595	死亡之證	0	1049
40596	死亡誓約	0	1043
40597	破損的調查簿	0	997
40598	康之袋	0	958
40599	塔拉斯的魔法袋	0	957
40600	墮落鑰匙	0	1320
40601	龍龜甲	0	920
40602	藍色長笛	0	1000
40603	蘑菇毒液	0	1046
40604	骷髏鑰匙	0	944
40605	骷髏頭	0	921
40606	混沌鑰匙	quest.DarkElf50Key	1320
40607	返生藥水	0	947
40608	黑騎士的誓約	0	927
40609	甘地妖魔魔法書	0	924
40610	那魯加妖魔魔法書	0	925
40611	都達瑪拉妖魔魔法書	0	923
40612	阿吐巴妖魔魔法書	0	922
40613	黑鑰匙	0	671
40614	礦物收集文件	0	1528
40615	暗影神殿2F鑰匙	teleport.TOI_TeleportAmulet	1991
40616	暗影神殿3F鑰匙	teleport.TOI_TeleportAmulet	1968
40617	水晶球	0	437
40618	土之氣息	0	1928
40619	東方監獄鑰匙	0	1320
40620	第二迷宮鑰匙	0	59
40621	德雷克鑰匙	0	59
40622	飛龍的爪子	0	139
40623	多魯嘉1世傳家之寶	0	1786
40624	多魯嘉2世傳家之寶	0	1787
40625	多魯嘉3世傳家之寶	0	1788
40626	多魯嘉4世傳家之寶	0	1789
40627	多魯嘉5世傳家之寶	0	1790
40628	多魯嘉6世傳家之寶	0	1791
40629	多魯嘉7世傳家之寶	0	1792
40630	迪哥的舊日記	extra.ItemUse	1868
40631	萊斯塔的戒指	0	1028
40632	雷奧納的袋子	0	958
40633	蜥蜴人的報告	0	1869
40634	蜥蜴人的寶物	0	1870
40635	法令軍團印記	0	1938
40636	法令軍王印記盒	0	1939
40637	瑪勒巴的信	0	917
40638	魔獸軍團印記	0	1942
40639	魔獸軍王印記盒	0	1941
40640	冥法軍王印記盒	0	1937
40641	說話卷軸	0	1760
40642	冥法軍團印記	0	1938
40643	水之氣息	0	1924
40644	迷宮構造圖	0	1138
40645	風之氣息	0	1926
40646	蜥蜴的角	0	56
40647	藏寶圖碎片	0	1780
40648	生鏽的刺客之劍	0	1048
40649	東北方監獄鑰匙	0	1320
40650	北方監獄鑰匙	0	1320
40651	火之氣息	0	1922
40652	燃燒的皮	0	1931
40653	紅鑰匙	0	672
40654	第三迷宮鑰匙	0	59
40655	水晶之牙	0	1933
40656	試煉之劍A	0	932
40657	試煉之劍B	0	932
40658	試煉之劍C	0	932
40659	試煉之劍D	0	932
49120	記憶水晶(幻覺：歐吉)	0	3008
40661	兒子的遺骸	0	958
40662	兒子的肖像畫	0	1781
40663	兒子的信	extra.ItemUse	917
40664	阿拉斯的護身符	0	604
40665	阿拉斯的信	0	917
40666	無法得知的傳家之寶	0	1786
40667	暗殺軍團印記	0	1944
40668	暗殺軍王印記盒	0	1943
40669	火焰之影肋骨	0	1998
40670	火焰之影尾巴	0	1999
40671	火焰之影骨翼	0	2001
40672	火焰之影脊椎	0	1978
40673	火焰之影首級	0	1992
40674	火焰之影指甲	0	1996
40675	黑暗礦石	0	1934
40676	闇之氣息	0	1930
40677	黑暗礦石鑄塊	0	1935
40678	靈魂石碎片	0	1997
40679	污濁的金甲	0	2061
40680	污濁斗篷	0	2055
40681	污濁的鋼靴	0	2059
40682	污濁的腕甲	0	2053
40683	污濁的頭盔	0	2057
40684	污濁的弓	0	2051
40685	未磨光的雕像	0	1539
40686	完成品的雕像	0	1541
40687	歐姆的袋子	Pouch_Oum	958
40688	未上漆的雕像	0	1540
40689	未精雕的雕像	0	1537
40690	未修補的雕像	0	1538
40691	半成品的雕像	0	1536
40692	完成的藏寶圖	0	479
40693	遠征隊金甲	0	2062
40694	遠征隊斗篷	0	2056
40695	遠征隊鋼靴	0	2060
40696	遠征隊的遺物	0	957
40697	遠征隊腕甲	0	2054
40698	遠征隊頭盔	0	2058
40699	遠征隊弓	0	2052
40700	銀笛	0	43
40701	小藏寶圖	0	1780
40702	小袋子	0	958
40703	心靈支配石	0	1936
40704	死亡尾骨	0	1974
40705	死亡巨斧	0	1956
40706	死亡戰錘	0	1972
40707	死亡首級	0	1968
40708	死亡長矛	0	1971
40709	死亡之劍	0	1975
40710	朋友的袋子	0	958
40711	卡得穆斯項鍊	0	304
40712	卡立普的高級袋子	0	958
40713	卡立普的袋子	0	958
40714	藍尾蜥蜴之皮	0	1782
40715	皮爾斯的禮物	0	958
40716	爺爺的寶物	0	238
40717	弄縐的情書	0	1867
40718	血石碎片	0	2071
40719	混沌首級	0	1991
40720	黑暗之翼	0	1932
40721	巨大南瓜種子	0	933
40722	金南瓜	Golden_Pumpkin	943
40723	銀南瓜	0	955
40724	銅南瓜	0	937
40725	南瓜糖果	0	936
40726	南瓜種子	0	949
40727	聖誕綠襪	0	1209
40728	聖誕紅襪	0	1208
40729	金襪子	0	1551
40730	聖誕卡片	0	464
40731	情人節卡片	0	607
40732	白色情人節卡片	0	617
40733	名譽貨幣	brave.StatusBrave 600 6342	1480
40734	信賴貨幣	hp.UserAddHp 50 80 189	1481
40735	勇氣貨幣	mp.UserAddMp 60 60 190	1483
40736	智慧貨幣	mp.UserMprBlue 600 190	1482
40737	藏寶箱	0	998
40738	銀飛刀	0	1146
40739	飛刀	0	1147
40740	重飛刀	0	1145
40741	奧里哈魯根鍍金骨箭	0	1817
40742	古代之箭	0	96
40743	箭	0	7
40744	銀箭	0	96
40745	黃金箭	0	1816
40746	米索莉箭	0	96
40747	黑色米索莉箭	0	1818
40748	奧里哈魯根箭	0	1817
40749	獵犬之牙	0	1304
40750	破滅之牙	0	1306
40751	鬥犬之牙	0	1307
40752	黃金之牙	0	1312
40753	龍之牙	0	1305
40754	不滅之牙	0	1308
40755	黑暗之牙	0	1302
40756	神之牙	0	1310
40757	鋼鐵之牙	0	1314
40758	勝利之牙	0	1315
40759	寵物祝福盔甲	0	1293
40760	寵物光明盔甲	0	1298
40761	寵物皮盔甲	0	1296
40762	寵物骷髏盔甲	0	1300
40763	寵物鋼鐵盔甲	0	1301
40764	寵物米索莉盔甲	0	1297
40765	寵物十字盔甲	0	1295
40766	寵物鏈甲	0	1294
40778	皮帶	0	264
40779	鋼鐵塊	0	516
40780	死亡首級	0	1969
40781	死亡首級	0	1970
40782	暗影神殿3F鑰匙	teleport.TOI_TeleportAmulet	1969
40783	暗影神殿3F鑰匙	teleport.TOI_TeleportAmulet	1970
40801	指定傳送(黃昏山脈)	teleport.SOR_UserSet false	1814
40802	指定傳送(亞丁城庭園)	teleport.SOR_UserSet false	1814
40803	指定傳送(鏡子森林)	teleport.SOR_UserSet false	1814
40804	指定傳送(巴拉卡斯棲息地)	teleport.SOR_UserSet false	1814
40805	指定傳送(法利昂棲息地)	teleport.SOR_UserSet false	1814
40806	指定傳送(林德拜爾棲息地)	teleport.SOR_UserSet false	1814
40807	指定傳送(海音洞穴3F)	teleport.SOR_UserSet false	1814
40808	指定傳送(海音洞穴4F)	teleport.SOR_UserSet false	1814
40809	指定傳送(火窟)	teleport.SOR_UserSet false	1814
40810	指定傳送(龍之谷入口)	teleport.SOR_UserSet false	1814
40811	指定傳送(沙漠)	teleport.SOR_UserSet false	1814
40812	指定傳送(歐瑞槍兵之地)	teleport.SOR_UserSet false	1814
40813	指定傳送(遠古戰場)	teleport.SOR_UserSet false	1814
40814	指定傳送(食屍地)	teleport.SOR_UserSet false	1814
40815	指定傳送(風木地監1F)	teleport.SOR_UserSet false	1814
40816	指定傳送(風木地監2F)	teleport.SOR_UserSet false	1814
40817	指定傳送(巨蟻洞穴)	teleport.SOR_UserSet false	1814
40818	指定傳送(巨蟻洞穴)	teleport.SOR_UserSet false	1814
40819	指定傳送(巨蟻女皇棲息地)	teleport.SOR_UserSet false	1814
40820	指定傳送(象牙塔 黑魔法研究室)	teleport.SOR_UserSet false	1035
40821	指定傳送(象牙塔 魔物封印室)	teleport.SOR_UserSet	1035
40822	指定傳送(象牙塔 魔物封印室)	teleport.SOR_UserSet false	1035
40823	指定傳送(象牙塔 惡魔封印室)	teleport.SOR_UserSet false	1035
40824	指定傳送(修練洞穴2F)	teleport.SOR_UserSet false	1814
40825	指定傳送(修練洞穴3F)	teleport.SOR_UserSet false	1814
40826	指定傳送(修練洞穴4F)	teleport.SOR_UserSet false	1814
40827	指定傳送(奇岩地監2F)	teleport.SOR_UserSet false	1814
40828	指定傳送(奇岩地監3F)	teleport.SOR_UserSet false	1814
40829	指定傳送(奇岩地監4F)	teleport.SOR_UserSet false	1814
40830	指定傳送(古魯丁地監3F)	teleport.SOR_UserSet false	1814
40831	指定傳送(古魯丁地監4F)	teleport.SOR_UserSet false	1814
40832	指定傳送(古魯丁地監5F)	teleport.SOR_UserSet false	1814
40833	指定傳送(古魯丁地監6F)	teleport.SOR_UserSet	1814
40834	指定傳送(古魯丁地監7F)	teleport.SOR_UserSet false	1814
40835	指定傳送(龍之谷地監1F)	teleport.SOR_UserSet false	1814
40836	指定傳送(龍之谷地監2F)	teleport.SOR_UserSet false	1814
40837	指定傳送(龍之谷地監3F)	teleport.SOR_UserSet false	1814
40838	指定傳送(龍之谷地監4F)	teleport.SOR_UserSet false	1814
40839	指定傳送(龍之谷地監5F)	teleport.SOR_UserSet false	1814
40840	指定傳送(龍之谷地監6F)	teleport.SOR_UserSet	1814
40841	指定傳送(安塔瑞斯棲息地)	teleport.SOR_UserSet false	1814
40842	指定傳送(風木大門前方)	teleport.SOR_UserSet false	1814
40843	指定傳送(風木沙漠)	teleport.SOR_UserSet false	1814
40844	指定傳送(布魯迪卡洞穴)	teleport.SOR_UserSet false	1814
40845	指定傳送(沉默洞穴)	teleport.Sor_City	1814
40846	指定傳送(拉斯塔巴德地下洞穴1F)	teleport.SOR_UserSet false	1814
40847	指定傳送(拉斯塔巴德地下洞穴2F)	teleport.SOR_UserSet false	1814
40848	指定傳送(拉斯塔巴德地下洞穴3F)	teleport.SOR_UserSet false	1814
40849	指定傳送(再生的聖所1F)	teleport.SOR_UserSet false	1814
40850	指定傳送(再生的聖所2F)	teleport.SOR_UserSet false	1814
40851	指定傳送(再生的聖所4F)	teleport.SOR_UserSet false	1814
40852	指定傳送(歐姆地監)	teleport.SOR_UserSet false	1814
40853	大洞穴移動卷軸	teleport.SOR_UserSet false	1814
40854	指定傳送(魔族神殿)	teleport.SOR_UserSet false	1814
40855	指定傳送(精靈墓穴)	teleport.SOR_UserSet false	1814
40856	指定傳送(海賊島)	teleport.SOR_UserSet false	1814
40857	指定傳送(拉斯塔巴德正門)	teleport.SOR_UserSet false	1814
40858	酒	Liquor	82
40859	魔法卷軸 (初級治癒術)	0	6004
40860	魔法卷軸 (日光術)	0	6005
40861	魔法卷軸 (保護罩)	0	6006
40862	魔法卷軸 (光箭)	0	6007
40863	魔法卷軸 (指定傳送)	teleport.Scroll_Move	6008
40864	魔法卷軸 (冰箭)	0	6009
40865	魔法卷軸 (風刃)	0	6010
40866	魔法卷軸 (神聖武器)	0	6011
40867	魔法卷軸 (解毒術)	0	6012
40868	魔法卷軸 (寒冷戰慄)	0	6013
40869	魔法卷軸 (毒咒)	0	6014
40870	魔法卷軸 (擬似魔法武器)	0	6015
40871	魔法卷軸 (無所遁形術)	0	6016
40872	魔法卷軸 (負重強化)	0	6017
40873	魔法卷軸 (火箭)	0	6018
40874	魔法卷軸 (地獄之牙)	0	6019
40875	魔法卷軸 (極光雷電)	0	6020
40876	魔法卷軸 (起死回生術)	0	6021
40877	魔法卷軸 (中級治癒術)	0	6022
40878	魔法卷軸 (闇盲咒術)	0	6023
40879	魔法卷軸 (鎧甲護持)	0	6024
40880	魔法卷軸 (寒冰氣息)	0	6025
40881	魔法卷軸 (能量感測)	0	6026
40883	魔法卷軸 (燃燒的火球)	0	6027
40884	魔法卷軸 (通暢氣脈術)	0	6028
40885	魔法卷軸 (壞物術)	0	6029
40886	魔法卷軸 (吸血鬼之吻)	0	6030
40887	魔法卷軸 (緩速術)	0	6031
40888	魔法卷軸 (岩牢)	0	6032
40889	魔法卷軸 (魔法屏障)	0	6033
40890	魔法卷軸 (冥想術)	0	6034
40891	魔法卷軸 (木乃伊的詛咒)	0	6035
40892	魔法卷軸 (極道落雷)	0	6036
40893	魔法卷軸 (高級治癒術)	0	6037
40894	魔法卷軸 (迷魅術)	0	6038
40895	魔法卷軸 (聖潔之光)	0	6039
40896	魔法卷軸 (冰錐)	0	6040
40899	鋼鐵原石	0	523
40901	結婚戒指(銀)	0	1029
40902	結婚戒指(金)	0	1028
40903	結婚戒指(藍寶石)	Ring	994
40904	結婚戒指(綠寶石)	Ring	1026
40905	結婚戒指(紅寶石)	Ring	1027
40906	結婚戒指(鑽石)	Ring	986
40907	西瑪戒指	Ring	1236
40908	歐林戒指	Ring	1235
40909	土之通行證	0	681
40910	水之通行證	0	683
40911	火之通行證	0	680
40912	風之通行證	0	684
40913	土之印記	0	676
40914	水之印記	0	678
40915	火之印記	0	675
40916	風之印記	0	679
40917	土之支配者	0	686
40918	水之支配者	0	688
40919	火之支配者	0	685
40920	風之支配者	0	689
40921	元素之支配者	0	6225
40922	鼓勵的藥水	0	2368
40923	技術的藥水	0	2369
40924	寶羅拉的藥水	0	2370
40925	淨化藥水	0	2321
40926	一階神秘藥水	Mystical_Ption 50	2310
40927	二階神秘藥水	Mystical_Ption 50	2311
40928	三階神秘藥水	Mystical_Ption 50	2313
40929	四階神秘藥水	Mystical_Ption 50	2315
40930	烤肉	hp.UserAddHp 109 154 197	124
40931	精工的藍寶石	Exquisite_Gem	2293
40932	精工的紅寶石	Exquisite_Gem	2291
40933	精工的綠寶石	Exquisite_Gem	2295
40934	精工的品質藍寶石	Exquisite_Gem	2293
40935	精工的品質紅寶石	Exquisite_Gem	2291
40936	精工的品質綠寶石	Exquisite_Gem	2295
40937	精工的高品質藍寶石	Exquisite_Gem	2293
40938	精工的高品質紅寶石	Exquisite_Gem	2291
40939	精工的高品質綠寶石	Exquisite_Gem	2295
40940	精工的極品藍寶石	Exquisite_Gem	2293
40941	精工的極品紅寶石	Exquisite_Gem	2291
40942	精工的極品綠寶石	Exquisite_Gem	2295
40943	精工的土之鑽	0	2283
40944	精工的水之鑽	0	2285
40945	精工的火之鑽	0	2289
40946	精工的風之鑽	0	2287
40947	精工的品質土之鑽	0	2283
40948	精工的品質水之鑽	0	2285
40949	精工的品質火之鑽	0	2289
40950	精工的品質風之鑽	0	2287
40951	精工的高品質土之鑽	0	2283
40952	精工的高品質水之鑽	0	2285
40953	精工的高品質火之鑽	0	2289
40954	精工的高品質風之鑽	0	2287
40955	精工的極品土之鑽	0	2283
40956	精工的極品水之鑽	0	2285
40957	精工的極品火之鑽	0	2289
40958	精工的極品風之鑽	0	2287
40959	冥法軍王徽印	0	2067
40960	法令軍王徽印	0	2068
40961	魔獸軍王徽印	0	2069
40962	暗殺軍王徽印	0	2070
40964	黑魔法粉	choice.SealReleaseItem	2015
40965	拉斯塔巴德製作武器秘笈	0	1347
40966	真．冥皇製作防具秘笈	0	2429
40967	聖地遺物	0	2167
40968	修行者經典	0	2428
40969	靈魂結晶體	0	2183
40970	安加斯的尾巴	0	2211
40971	安加斯之牙	0	2212
40972	巴薩斯的氣息	0	2210
40973	巴薩斯的翅膀	0	2209
40974	狄高的血	0	2215
40975	狄高的鰭	0	2216
40976	沙	0	2207
40977	染血的沙	0	2208
40978	土之守護者的尾巴	0	2199
40979	水之守護者的尾巴	0	2197
40980	火之守護者的尾巴	0	2198
40981	風之守護者的尾巴	0	2196
40982	土之守護者的皮	0	2206
40983	水之守護者的皮	0	2204
40984	火之守護者的皮	0	2205
40985	風之守護者的皮	0	2203
40986	守護者之牙	0	2202
40987	受詛咒的黑色耳環	0	2319
40988	受詛咒的黑色耳環	0	2319
40989	受詛咒的黑色耳環	0	2319
40990	炎魔的翅膀	0	2186
40991	炎魔雙手劍	0	2193
40992	炎魔的頭	0	2185
40993	炎魔的角	0	2195
40994	炎魔之肉	0	2188
40995	炎魔之指	0	2187
40996	炎魔的心臟	0	2189
40997	炎魔之牙	0	2192
40998	炎魔之肺	0	2190
40999	黑暗妖精士兵的徽章	0	1342
41000	黑暗妖精將軍的徽章	0	1343
41001	守護團獎金箱子	0	998
41002	礦物袋子	0	1531
41003	羅伊的袋子	0	1645
41004	拉布羅的袋子	0	958
41005	復活與永生之誓約書	0	471
41006	拉伯勒的袋子	Lavor_Pouch	958
41007	伊莉絲的命令書：靈魂之安息	extra.ItemUse	1760
41008	伊莉絲的袋子	0	1645
41009	伊莉絲的命令書：同盟之意志	extra.ItemUse	1760
41010	伊莉絲的推薦函	0	2018
41011	封印的歷史書 第1頁	0	2420
41012	封印的歷史書 第2頁	0	2421
41013	封印的歷史書 第3頁	0	2422
41014	封印的歷史書 第4頁	0	2423
41015	封印的歷史書 第5頁	0	2424
41016	封印的歷史書 第6頁	0	2425
41017	封印的歷史書 第7頁	0	2426
41018	封印的歷史書 第8頁	0	2427
41019	拉斯塔巴德歷史書 第1頁	0	2411
41020	拉斯塔巴德歷史書 第2頁	0	2412
41021	拉斯塔巴德歷史書 第3頁	0	2413
41022	拉斯塔巴德歷史書 第4頁	0	2414
41023	拉斯塔巴德歷史書 第5頁	0	2415
41024	拉斯塔巴德歷史書 第6頁	0	2416
41025	拉斯塔巴德歷史書 第7頁	0	2417
41026	拉斯塔巴德歷史書 第8頁	0	2418
41027	完整的拉斯塔巴德歷史書	0	2419
41028	死亡騎士之印記	0	912
41029	召喚球碎片	Summoning_Center	2326
41030	召喚球之核	0	2327
41031	一階段召喚球	0	2329
41032	二階段召喚球	0	2324
41033	三階段召喚球	0	2325
41034	四階段召喚球	0	2323
41035	完整的召喚球	0	2328
41036	膠水	choice.SealReleaseItem	2258
41037	不完整的航海日誌	0	2256
41038	航海日誌第1頁	0	2246
41039	航海日誌第2頁	0	2247
41040	航海日誌第3頁	0	2248
41041	航海日誌第4頁	0	2249
41042	航海日誌第5頁	0	2250
41043	航海日誌第6頁	0	2251
41044	航海日誌第7頁	0	2252
41045	航海日誌第8頁	0	2253
41046	航海日誌第9頁	0	2254
41047	航海日誌第10頁	0	2255
41048	塗著膠水的航海日誌第1頁	Log_Book	2372
41049	塗著膠水的航海日誌第2頁	Log_Book	2373
41050	塗著膠水的航海日誌第3頁	Log_Book	2374
41051	塗著膠水的航海日誌第4頁	Log_Book	2375
41052	塗著膠水的航海日誌第5頁	Log_Book	2376
41053	塗著膠水的航海日誌第6頁	Log_Book	2377
41054	塗著膠水的航海日誌第7頁	Log_Book	2378
41055	塗著膠水的航海日誌第8頁	Log_Book	2379
41056	塗著膠水的航海日誌第9頁	Log_Book1	2380
41057	塗著膠水的航海日誌第10頁	Log_Book1	2381
41058	完整的航海日誌	0	2257
41059	航海士的袋子	0	1644
41060	諾曼阿吐巴的信	extra.ItemUse	2018
41061	妖精調查書：卡麥都達瑪拉	extra.ItemUse	1760
41062	人類調查書：巴庫摩那魯加	extra.ItemUse	1760
41063	精靈調查書：可普都達瑪拉	extra.ItemUse	1760
41064	妖魔調查書：弧鄔牟那魯加	extra.ItemUse	1760
41065	死亡之樹調查書：諾亞阿吐巴	0	1760
41066	污濁的根	0	2120
41067	污濁的樹枝	0	2108
41068	污濁的皮	0	2122
41069	污濁的鬃毛	0	2119
41070	污濁的精靈羽翼	0	2107
41071	銀盤	0	2078
41072	銀燭台	0	2079
41073	強盜鑰匙	0	2105
41074	強盜的袋子	0	2092
41075	污濁的頭髮	0	2112
41076	土核晶	0	2084
41077	水核晶	0	2086
41078	火核晶	0	2091
41079	風核晶	0	2088
41080	精靈核晶	0	2102
41081	妖魔尖牙	0	2123
41082	妖魔尖牙項鍊	0	2124
41083	咒術粉	0	2125
41084	幻覺之粉	0	2117
41085	預言家珍珠	0	2126
41086	樹精的根	0	2118
41087	樹精的樹皮	0	2109
41088	樹精的葉子	0	2111
41089	樹精的樹枝	0	2110
41090	那魯加圖騰	0	2261
41091	都達瑪拉圖騰	0	2263
41092	阿吐巴圖騰	0	2265
41093	夢幻的熊娃娃	0	2435
41094	誘惑的香水	0	2436
41095	漂亮的洋裝	0	2437
41096	華麗的戒指	0	2438
41097	愛瑪伊的心	0	2439
41098	英雄傳記	0	17
41099	時髦的帽子	0	2441
41100	高級紅酒	0	1646
41101	神秘的鑰匙	0	2442
41102	伊森之心	0	2439
41103	石頭塊	0	2459
41104	鐵礦石	0	2461
41105	火山岩	0	2045
41106	瑪依奴的尾巴毛	0	2458
41107	盔甲片	0	2462
41108	鑽石原石	0	2460
41109	瑪依奴夏門的尾巴毛	0	2457
41110	遺物袋	0	1644
41111	破舊的遺物袋	0	2089
41112	舊遺物袋	0	1643
41113	褪色戒指	0	669
41114	染血的手帕	0	2463
41115	染血的文件	0	1042
41116	褪色項鍊	0	1485
41117	破舊的錢包	0	973
41118	染血的匕首	0	1872
41119	遺失的鑰匙	0	671
41120	瑪雅的魔杖	0	1255
41121	火焰之影的契約書	0	1164
41122	火焰之影的契約	0	863
41123	火焰之影的墮落粉	0	990
41124	火焰之影的無力粉	0	990
41125	火焰之影的執著粉	0	990
41126	炎魔的墮落井水	0	991
41127	炎魔的無力井水	0	991
41128	炎魔的執著井水	0	991
41129	炎魔的井水	0	938
41130	炎魔的契約書	0	1164
41131	炎魔的契約	0	863
41132	炎魔的墮落粉	0	991
41133	炎魔的無力粉	0	991
41134	炎魔的執著粉	0	991
41135	火焰之影的墮落井水	0	990
41136	火焰之影的無力井水	0	990
41137	火焰之影的執著井水	0	990
41138	火焰之影的井水	0	938
41139	不起眼的古老項鍊	0	2444
41140	復原的古老項鍊	0	2445
41141	神秘的小魔力藥水	mp.UserAddMp 30 60 190	9051
41142	神秘的大魔力藥水	mp.UserAddMp 60 150 190	9052
41143	海賊骷髏首領變身藥水	Skeleton_Change_Reel	2516
41144	海賊骷髏士兵變身藥水	Skeleton_Change_Reel	2516
41145	海賊骷髏刀手變身藥水	Skeleton_Change_Reel	2516
40220	魔法書 (終極返生術)	0	252
40221	魔法書 (集體緩速術)	0	257
40222	魔法書 (究極光裂術)	0	252
40223	魔法書 (絕對屏障)	0	252
40224	魔法書 (靈魂昇華)	0	252
40225	魔法書(冰雪颶風)	0	257
40226	魔法書(精準目標)	0	252
41154	暗之鱗	Scale	2244
41155	火之鱗	Scale	2244
41156	叛之鱗	Scale	2244
41157	恨之鱗	Scale	2244
41158	瑪雅的水晶球	0	938
41159	神秘的羽毛	0	2518
41160	寵物召喚笛	0	477
41161	黑色耳環	0	2308
41162	黑色耳環	0	2308
41163	黑色耳環	0	2308
41164	神秘的黑色耳環	0	2308
41165	神秘的黑色耳環	0	2308
41166	神秘的黑色耳環	0	2308
41167	鬥士耳環	0	2308
41168	神秘的鬥士耳環	0	2308
41169	灰色鬥士耳環	0	2308
41170	神秘的灰色鬥士耳環	0	2308
41171	白色鬥士耳環	0	2308
41172	神秘的白色鬥士耳環	0	2308
41173	騎士耳環	0	2297
41174	騎士耳環	0	2297
41175	騎士耳環	0	2297
41176	神秘的灰色騎士耳環	0	2306
41177	白色騎士耳環	0	2306
41178	神秘的白色騎士耳環	0	2306
41179	法師耳環	0	2306
41180	神秘的法師耳環	0	2306
41181	灰色法師耳環	0	2306
41182	神秘的灰色法師耳環	0	2306
41183	白色法師耳環	0	2306
41184	神秘的白色法師耳環	0	2306
41185	精緻的風靈戒指(男爵)	0	2307
41186	精緻的風靈戒指(公爵)	0	2307
41187	精緻的風靈戒指(伯爵)	0	2307
41188	精緻的風靈戒指(英雄)	0	2307
41189	精緻的土靈戒指(男爵)	0	2307
41190	精緻的土靈戒指(公爵)	0	2307
41191	精緻的土靈戒指(伯爵)	0	2307
41192	精緻的土靈戒指(英雄)	0	2307
41193	精緻的火靈戒指(男爵)	0	2307
41194	精緻的火靈戒指(公爵)	0	2307
41195	精緻的火靈戒指(伯爵)	0	2307
41196	精緻的火靈戒指(英雄)	0	2307
41197	精緻的水靈戒指(男爵)	0	2307
41198	精緻的水靈戒指(公爵)	0	2307
41199	精緻的水靈戒指(伯爵)	0	2307
41200	精緻的水靈戒指(英雄)	0	2307
41201	騎士之魂	0	2511
41202	妖精之魂	0	2512
41203	王族之魂	0	2513
41204	黑妖之魂	0	2514
41205	法師之魂	0	2515
41206	少了刀刃的武器	0	1542
41207	船員遺體	0	444
41208	微弱的靈魂	Weak_Soul	2183
41209	新春紅包	0	604
41217	變性藥水	TransSexual	3295
41224	巧克力盒	0	3511
41225	巧克力	0	608
41227	更名卡	shop.ResetName	1863
41228	甜甜巧克力A	0	3340
41229	中秋 幸運餅乾	0	128
41230	甜甜巧克力B	0	3341
41231	甜甜巧克力C	0	3342
41232	情人糖果	0	488
41233	七夕禮盒	0	3783
41234	稀有的七夕禮盒	0	3788
41242	妖魔寶物袋	0	973
41243	拉斯塔巴德補給袋	0	1805
41244	拉斯塔巴德補給箱	0	2267
41245	溶解劑	Solvent	2608
41246	魔法結晶體	0	2606
41247	分解槌	0	5216
41251	骷髏聖盃	0	2599
41252	珍奇的烏龜	0	2614
41253	王宮料理師的調味料	0	1792
41254	勝利的徽章	0	2642
41255	料理書：1階段	Cooking_Book	2498
41256	料理書：2階段	Cooking_Book	2499
41257	料理書：3階段	Cooking_Book	2500
41258	料理書：4階段	Cooking_Book	2501
41259	料理書：5階段	Cooking_Book	2502
41260	柴火	Fuel	2489
41261	飯團	Food2	2335
41262	雞肉串燒	Food2	2332
41263	太陽花籽	food 1	949
41264	麵粉	food 1	2493
41265	蜂蜜	0	2488
41266	蕃茄	food 1	2505
41267	起士	food 1	2504
41268	小比薩	Food2	2503
41269	烤玉米	Food2	2487
41271	爆米花	Food2	2494
41272	甜不辣	Food2	2496
41273	鬆餅	Food2	2497
41274	螞蟻腿	food 1	2569
41275	熊肉	food 1	2571
41276	山豬肉	food 1	2574
41277	漂浮之眼肉排	power.Potion	2486
41278	烤熊肉	power.Potion	2572
41279	煎餅	power.Potion	2495
41280	烤螞蟻腿起司	power.Potion	2570
41281	水果沙拉	power.Potion	2484
41282	水果糖醋肉	power.Potion	2485
41283	烤山豬肉串	power.Potion	2573
41284	蘑菇湯	power.Potion	2575
41285	特別的 漂浮之眼肉排	power.Potion	2486
41286	特別的 烤熊肉	power.Potion	2572
41287	特別的 煎餅	power.Potion	2495
41288	特別的 烤螞蟻腿起司	power.Potion	2570
41289	特別的 水果沙拉	power.Potion	2484
41290	特別的 水果糖醋肉	power.Potion	2485
41291	特別的 烤山豬肉串	power.Potion	2573
41292	特別的 蘑菇湯	power.Potion	2575
41293	長釣竿	FishingPole	2619
41294	短釣竿	FishingPole	2619
41295	餌	0	2626
41296	鯛魚	food 1	2629
41297	鮭魚	food 1	2631
41298	鱈魚	Fish	2630
41299	虎斑帶魚	Fish	2632
41300	鮪魚	Fish	2613
41301	發紅光的魚	0	2627
41302	發綠光的魚	0	2633
41303	發藍光的魚	0	2635
41304	發白光的魚	0	2637
41305	破碎的耳環	0	2616
41306	破碎的戒指	0	2618
41307	破碎的項鍊	0	2617
41308	勇者的南瓜袋子	Box_BravePumpkin	943
41309	寵物戰金牌	0	2641
41310	勝利果實	0	2639
41311	驚喜箱	0	2267
41312	占星術師的甕	Box_AstrologyTeacher	2592
41313	占星術師的靈魂球	0	2594
41314	占星術師的符咒	0	2596
41315	聖水	Holy_Water	2474
41316	神聖的米索莉粉	Holy_Powder	2456
41317	拉羅森的推薦書	extra.ItemUse	1760
41318	可恩的便條紙	extra.ItemUse	1760
41319	菊花花束	0	2471
41320	黛西花束	0	2472
41321	玫瑰花束	0	2480
41322	卡拉花束	0	2481
41323	太陽花花束	0	2482
41324	小蒼蘭花束	0	2483
41325	勇士之證	0	2476
41326	勇士之證	0	2476
41327	幽靈之氣息	0	2478
41328	哈蒙的氣息	0	2478
41329	標本製作委託書	extra.ItemUse	465
41330	狩獵螞蟻之證	0	1138
41331	狩獵熊之證	0	1138
41332	狩獵蛇女之證	0	1138
41333	狩獵黑虎之證	0	1138
41334	狩獵鹿之證	0	1138
41335	狩獵哈維之證	0	1138
41336	伊芙洛爾之袋	0	1643
41337	受祝福的五穀麵包	hp.UserAddHp 45 85 197	2558
41338	受祝福的葡萄酒	brave.StatusHaste 1800 191	2559
41339	亡者的信件	0	2553
41340	傭兵團長多文的推薦書	extra.ItemUse	1760
41341	帝倫之教本	0	2557
41342	梅杜莎之血	brave.StatusHaste 1800 191	324
41343	法利昂的血痕	0	2560
41344	水中的水	Water_Essence	2554
41345	酸性液體	0	2556
41346	羅賓孫的便條紙	0	1760
41347	羅賓孫的便條紙	0	1760
41348	羅賓孫的推薦書	0	1760
41349	莎爾之戒	0	2177
41350	羅賓孫之戒	0	2178
41351	月光之氣息	0	2179
41352	神聖獨角獸之角	0	2181
41353	伊娃短劍	0	2169
41354	伊娃的聖水	Holy_WaterEva	2598
41355	波倫的袋子	PorlunBag	2696
41356	波倫的資源清單	extra.ItemUse	313
41357	A 字母鞭炮	extra.ItemUse	2677
41358	B 字母鞭炮	extra.ItemUse	2677
41359	C 字母鞭炮	extra.ItemUse	2677
41360	D 字母鞭炮	extra.ItemUse	2677
41361	E 字母鞭炮	extra.ItemUse	2677
41362	F 字母鞭炮	extra.ItemUse	2677
41363	G 字母鞭炮	extra.ItemUse	2677
41364	H 字母鞭炮	extra.ItemUse	2677
41365	I 字母鞭炮	extra.ItemUse	2677
41366	J 字母鞭炮	extra.ItemUse	2677
41367	K 字母鞭炮	extra.ItemUse	2677
41368	L 字母鞭炮	extra.ItemUse	2677
41369	M 字母鞭炮	extra.ItemUse	2677
41370	N 字母鞭炮	extra.ItemUse	2677
41371	O 字母鞭炮	extra.ItemUse	2677
41372	P 字母鞭炮	extra.ItemUse	2677
41373	Q 字母鞭炮	extra.ItemUse	2677
41374	R 字母鞭炮	extra.ItemUse	2677
41375	S 字母鞭炮	extra.ItemUse	2677
41376	T 字母鞭炮	extra.ItemUse	2677
41377	U 字母鞭炮	extra.ItemUse	2677
41378	V 字母鞭炮	extra.ItemUse	2677
41379	W 字母鞭炮	extra.ItemUse	2677
41380	X 字母鞭炮	extra.ItemUse	2677
41381	Y 字母鞭炮	extra.ItemUse	2677
41382	Z 字母鞭炮	extra.ItemUse	2677
41383	巨大兵蟻標本(家具)	Furniture	2539
41384	熊標本(家具)	Furniture	2540
41385	蛇女標本(家具)	Furniture	2541
41386	黑虎標本(家具)	Furniture	2542
41387	鹿標本(家具)	Furniture	2543
41388	哈維標本(家具)	Furniture	2548
41389	青銅騎士(家具)	Furniture	2544
41390	青銅馬(家具)	Furniture	2545
41391	燭台(家具)	Furniture	2546
41392	茶几(家具)	Furniture	2547
41393	火爐(家具)	Furniture	2549
41394	火把(家具)	Furniture	2550
41395	君主用講台(家具)	Furniture	2567
41396	旗幟(家具)	Furniture	2568
41397	茶几椅子(家具)	Furniture	2584
41398	茶几椅子(家具)	Furniture	2585
41399	屏風(家具)	Furniture	2586
41400	屏風(家具)	Furniture	2587
41401	移除傢俱魔杖	wand.Furniture_Removal_Wand	116
41402	勇者的勳章	0	2867
41403	庫傑的糧食	hp.UserAddHp 250 350 197	2602
41404	庫傑的靈藥	mp.UserAddMp 80 100 190	2604
41405	守護團獎金箱子	0	998
41406	雷奧納的袋子	0	958
41407	雷奧納的袋子	0	958
41408	雷奧納的袋子	0	958
41409	雷奧納的袋子	0	958
41410	雷奧納的袋子	0	958
41411	銀粽子	hp.UserAddHp 5 15 189	1396
41412	金粽子	mp.UserAddMp 5 20 190	1397
41413	月餅	mp.UserAddMp 7 12 190	1159
41414	福月餅	mp.UserAddMp 15 30 190	1160
41415	強化勇氣的藥水	brave.StatusBrave 1800 751	2464
41417	草莓刨冰	hp.UserAddHp 70 80 197	2984
41418	檸檬刨冰	hp.UserAddHp 700 700 189	2985
41419	芒果刨冰	hp.UserAddHp 70 110 197	2988
41420	甜瓜刨冰	hp.UserAddHp 70 110 197	2990
41421	紅豆刨冰	hp.UserAddHp 70 110 197	2991
41422	失去光明的靈魂	0	2183
41423	袋鼠的食物	0	2643
41424	貓熊的食物	0	2644
41425	沉默洞穴指定傳送卷軸	teleport.SOR_UserSet false	474
41426	封印卷軸	Seal_Reel	1687
41427	封印解除卷軸	Seal_Reel_Relieving	1686
41428	太古的玉璽	Ancient_Jade	3277
41429	波若斯圖騰	0	1039
41430	波若斯獎勵:20萬	0	1643
41431	波若斯獎勵:75萬	0	1643
41432	波若斯獎勵:300萬	0	1643
41433	波若斯獎勵:1000萬	0	1643
41781	火焰之魔杖	wand.Spell_Magic_Wand 200 100 762 4	5168
41782	神秘的恢復藥水	hp.UserAddHp2 100 200 189	4929
41783	火焰之氣息	0	3031
41784	馬賓的袋子	MarbinBag	2092
41785	不完整的魔法晶球碎片	0	2095
41786	不完整的魔法晶球	0	2095
41787	象牙塔的魔法井水	0	537
41788	結晶的女性眼淚	0	2554
41789	冰之方塊	0	3890
41790	閃亮的 冰之方塊	0	3890
42001	指定傳送(吉爾塔斯)	teleport.SOR_UserSet false	551
42002	指定傳送(水晶洞穴1F)	teleport.SOR_UserSet false	551
42003	指定傳送(水晶洞穴2F)	teleport.SOR_UserSet false	551
42004	指定傳送(水晶洞穴3F)	teleport.SOR_UserSet false	551
42005	指定傳送(象牙塔1F)	teleport.SOR_UserSet false	551
42006	象牙塔箭筒	0	1762
42007	象牙塔的箭	0	7
42008	修練者的對盔甲施法的卷軸	reel.E_ScrollEnchantArmor	928
42009	修練者的對武器施法的卷軸	reel.E_ScrollEnchantWeapon	929
42010	修練者魔法袋	0	958
42011	修練者補給品卷軸	0	863
42012	修練者妙藥	0	2575
42013	福利傳送卷軸：說話之島	teleport.SOR_UserSet false	469
42014	福利傳送卷軸：古魯丁	teleport.SOR_UserSet false	469
42015	福利傳送卷軸：肯特	teleport.SOR_UserSet false	469
42016	福利傳送卷軸：風木	teleport.SOR_UserSet false	469
42017	福利傳送卷軸：燃柳	teleport.SOR_UserSet false	469
42018	福利傳送卷軸：銀騎士	teleport.SOR_UserSet false	469
42019	福利傳送卷軸：奇岩	teleport.SOR_UserSet false	469
42020	福利傳送卷軸：海音	teleport.SOR_UserSet false	469
42021	福利傳送卷軸：歐瑞	teleport.SOR_UserSet false	469
42022	福利傳送卷軸：威頓	teleport.SOR_UserSet false	469
42023	待設定	0	621
70678	魔法卷軸 (魂體轉換)	0	863
42024	待設定	0	3750
70679	魔法卷軸 (單屬性防禦)	0	863
42025	待設定	0	3749
70677	魔法卷軸 (釋放元素)	0	863
42026	待設定	0	2464
70675	魔法卷軸 (淨化精神)	0	863
70676	魔法卷軸 (屬性防禦)	0	863
42027	待設定	0	3751
70671	魔法卷軸 (世界樹的呼喚)	0	863
42028	待設定	0	3753
70672	魔法卷軸 (三重矢)	0	863
70673	魔法卷軸 (弱化屬性)	0	863
42029	待設定	0	3752
70674	魔法卷軸 (鏡反射)	0	863
42030	傲慢之塔移動卷軸(90F)	teleport.SOR_UserSet	551
42031	傲慢之塔移動卷軸(80F)	teleport.SOR_UserSet	551
42032	傲慢之塔移動卷軸(70F)	teleport.SOR_UserSet	551
42033	傲慢之塔移動卷軸(60F)	teleport.SOR_UserSet	551
42035	傲慢之塔移動卷軸(50F)	teleport.SOR_UserSet	551
42036	傲慢之塔移動卷軸(40F)	teleport.SOR_UserSet	551
42037	傲慢之塔移動卷軸(30F)	teleport.SOR_UserSet	551
42038	傲慢之塔移動卷軸(20F)	teleport.SOR_UserSet	551
42039	傲慢之塔移動卷軸(10F)	teleport.SOR_UserSet	6727
42040	指定傳送(海賊島地監1F)	teleport.SOR_UserSet false	551
42041	指定傳送(海賊島地監2F)	teleport.SOR_UserSet false	551
42042	指定傳送(海賊島地監3F)	teleport.SOR_UserSet false	551
42043	指定傳送(地底湖)	teleport.SOR_UserSet false	551
42044	指定傳送(說話島練功區)	teleport.SOR_UserSet false	551
42045	底比斯金字塔B點	teleport.SOR_UserSet false	551
42046	底比斯金字塔C點	teleport.SOR_UserSet false	551
42047	指定傳送(再生的聖所3F)	teleport.SOR_UserSet false	551
42050	地獄之旅門票	teleport.SOR_UserSet false	551
42051	指定傳送(暗影神殿外圍)	teleport.SOR_UserSet false	551
42052	指定傳送(暗影神殿1F)	teleport.SOR_UserSet false	551
42053	指定傳送(暗影神殿2F)	teleport.SOR_UserSet false	551
42054	指定傳送(暗影神殿3F)	teleport.SOR_UserSet false	551
42055	指定傳送(污濁之地)	teleport.SOR_UserSet false	551
42060	指定傳送(封閉的海音地監1F)	teleport.SOR_UserSet false	551
42061	指定傳送(封閉的海音地監2F)	teleport.SOR_UserSet false	551
42062	指定傳送(封閉的海音地監3F)	teleport.SOR_UserSet false	551
42063	指定傳送(鐵門廢棄礦坑1F)	teleport.SOR_UserSet false	551
42064	指定傳送(鐵門廢棄礦坑2F)	teleport.SOR_UserSet false	551
42065	指定傳送(亞丁地下墓穴1F)	teleport.SOR_UserSet false	551
42066	指定傳送(亞丁地下墓穴2F)	teleport.SOR_UserSet false	551
42067	指定傳送(亞丁地下墓穴3F)	teleport.SOR_UserSet false	551
42068	指定傳送(亞丁地下墓穴4F)	teleport.SOR_UserSet false	551
42069	指定傳送(冒險洞窟1F)	teleport.SOR_UserSet false	551
42070	指定傳送(冒險洞窟2F)	teleport.SOR_UserSet false	551
42071	指定傳送(海底隧道)	teleport.SOR_UserSet false	551
42072	指定傳送(眠龍洞穴1F)	teleport.SOR_UserSet false	551
42073	指定傳送(眠龍洞穴2F)	teleport.SOR_UserSet false	551
42074	指定傳送(眠龍洞穴3F)	teleport.SOR_UserSet false	551
42075	指定傳送(2F 黑暗結界 左)	teleport.SOR_UserSet false	551
42076	指定傳送(2F 黑暗結界 右)	teleport.SOR_UserSet false	551
42077	指定傳送(3F 黑暗結界)	teleport.SOR_UserSet false	551
42078	指定傳送(4F 庭院廣場)	teleport.SOR_UserSet false	551
42079	指定傳送(4F 長老會議廳)	teleport.SOR_UserSet false	551
42080	指定傳送(海賊島後半部)	teleport.SOR_UserSet false	551
42081	指定傳送(船舶之墓 海面)	teleport.SOR_UserSet false	551
42083	指定傳送(海音 鱷魚島)	teleport.SOR_UserSet false	551
42084	指定傳送(慾望洞窟 水之領域)	teleport.SOR_UserSet false	551
42085	指定傳送(慾望洞窟 火之領域)	teleport.SOR_UserSet false	551
42086	指定傳送(慾望洞窟 風之領域)	teleport.SOR_UserSet false	551
42087	指定傳送(慾望洞窟 地之領域)	teleport.SOR_UserSet false	551
42089	底比斯金字塔A點	teleport.SOR_UserSet false	551
42090	底比斯金字塔祭壇	teleport.SOR_UserSet false	551
42091	貝希摩斯 傳送回家卷軸	teleport.SOR_UserSet false	551
42092	希培莉亞 傳送回家卷軸	teleport.SOR_UserSet false	551
42093	慾望洞穴入口 瞬間移動卷軸	teleport.SOR_UserSet false	551
42094	炎魔房間 瞬間移動卷軸	teleport.SOR_UserSet false	551
42095	黑暗妖精聖地 瞬間移動卷軸	teleport.SOR_UserSet false	551
42096	原生魔族拋棄之地地面	teleport.SOR_UserSet false	551
42097	原生魔族拋棄之地海底	teleport.SOR_UserSet false	551
42098	不死魔族拋棄之地	teleport.SOR_UserSet false	551
42500	移除怪物魔杖	0	116
42502	原木	0	309
42503	木材	0	524
42504	箱子  	0	2033
42505	食物(箱)	0	2011
42506	藥品(箱)	0	2011
42507	武器(箱)	0	2011
42508	服飾(箱)	0	2011
42510	喀瑪王之心  (A)	0	1812
42511	喀瑪王之心  (B)	0	1812
42512	喀瑪王之心  (C)	0	1812
42513	頑皮幼龍蛋	0	3787
42514	受封印地龍之魔眼	0	3642
42515	受封印水龍之魔眼	0	3641
42516	受封印風龍之魔眼	0	3643
42517	受封印火龍之魔眼	0	3644
42518	地龍之魔眼	0	3642
42519	水龍之魔眼	0	3641
42520	風龍之魔眼	0	3643
42521	火龍之魔眼	0	3644
42522	誕生之魔眼	0	3663
42523	形象之魔眼	0	3666
42524	生命之魔眼	0	3645
42525	地龍之精緻魔眼	0	3642
42526	水龍之精緻魔眼	0	3641
42527	風龍之精緻魔眼	0	3643
42528	火龍之精緻魔眼	0	3644
42529	誕生之精緻魔眼	0	3663
42530	形象之精緻魔眼	0	3666
42531	淘氣幼龍蛋	0	3786
42533	奇蹟的碎片	0	3039
43000	返生藥水	0	1143
44019	自殺藥水	Level_Down 0 0 	2873
44020	自殺藥水(刻印)	Level_Down 0 0 	2873
44064	解人物卡點卷軸	teleport.Scroll_UnlockCha	1869
44065	潘朵拉黃金盔甲魔法卷軸	0	5981
44066	潘朵拉黃金武器魔法卷軸	0	5982
44068	對武器施法的卷軸	reel.AbsoluteEnchantWeapon	468
44069	對盔甲施法的卷軸	reel.AbsoluteEnchantArmor	467
44073	屬性武器抵抗卷軸	0	3344
44074	古代終極體力恢復劑(永久型)	0	1163
44075	強化 自我加速藥水(永久型)	0	621
44076	名譽貨幣(永久型)	0	1480
44077	巧克力蛋糕(永久型)	brave.StatusBraveCake 1027	2901
44087	閃爍的鱗片	0	3863
44100	經驗藥水×1.2倍	power.Potion	3745
44101	經驗藥水×1.3倍	power.Potion	3745
44102	經驗藥水×1.5倍	power.Potion	3745
44103	經驗藥水×1.7倍	power.Potion	3745
44104	經驗藥水×2倍	power.Potion	3745
44105	經驗藥水×2.5倍	power.Potion	3745
44106	經驗藥水×3倍	power.Potion	3745
44107	經驗藥水×3.5倍	power.Potion	3745
44108	經驗藥水×4倍	power.Potion	3745
44109	經驗藥水×4.5倍	power.Potion	3745
44110	經驗藥水×5倍	power.Potion	3745
44111	經驗藥水×5.5倍	power.Potion	3745
44112	經驗藥水×6倍	power.Potion	3745
44113	經驗藥水×6.5倍	power.Potion	3745
44114	經驗藥水×7倍	power.Potion	3745
44115	經驗藥水×7.5倍	power.Potion	3745
44116	經驗藥水×8倍	power.Potion	3745
44122	一般區傳符	teleport.SOR_UserSet true	2980
44123	休息區傳符	teleport.SOR_UserSet true	2983
44124	金幣市場交易中心傳送符	teleport.SOR_UserSet false	1036
44125	市場中心傳符-道具製作區	teleport.SOR_UserSet true	2980
44143	超能附魔石1	0	5626
44144	超能附魔石2	0	5630
44145	超能附魔石3	0	5624
44146	還擊附魔石	0	3792
44147	附魔去除劑	0	4816
44148	超能進化卷軸	0	1690
44149	蒂蜜特的呢喃	0	2439
44156	神奇卷軸[快速70等]	0	3069
44157	神奇卷軸[快速90等]	0	3069
44158	正義藥水(全滿)	extra.ItemUse	3743
44159	邪惡藥水(全滿)	extra.ItemUse	3744
44160	正義藥水(全滿)	extra.ItemUse	3743
44161	邪惡藥水(全滿)	extra.ItemUse	3744
44163	裝備保護羽毛	0	5155
44164	經驗保護羽毛	0	5159
44212	神秘的魔法變身書	0	3618
44213	龍的血液	0	2144
49121	記憶水晶(立方：燃燒)	0	3008
49122	記憶水晶(專注)	0	3010
49123	記憶水晶(心靈破壞)	0	3010
49124	記憶水晶(骷髏毀壞)	0	3010
49125	記憶水晶(幻覺：巫妖)	0	3010
49126	記憶水晶(立方：地裂)	0	3010
49127	記憶水晶(耐力)	0	3012
49128	記憶水晶(幻想)	0	3012
49129	記憶水晶(隱身破壞者)	0	3012
49130	記憶水晶(幻覺：鑽石高崙)	0	3012
49131	記憶水晶(立方：衝擊)	0	3012
49132	記憶水晶(洞察)	0	3014
49133	記憶水晶(恐慌)	0	3014
49134	記憶水晶(疼痛的歡愉)	0	3014
49135	記憶水晶(幻覺：化身)	0	3014
49136	記憶水晶(立方：和諧)	0	3014
46000	多魯嘉之袋	0	3638
46001	河豚	0	3611
47001	175%神力藥水	power.Potion	2643
47000	150%神力藥水	power.Potion	2643
47002	200%神力藥水	power.Potion	2643
47003	225%神力藥水	power.Potion	2643
47004	250%神力藥水	power.Potion	2643
47009	強化戰鬥卷軸	power.Potion	6062
47010	龍之鑰匙(安塔瑞斯)	0	3635
47011	龍之鑰匙(法利昂)	0	5658
47012	龍之鑰匙(林德拜爾)	0	5659
47013	龍逃走的蹤跡	0	4033
47014	龍之淚	0	4034
47015	龍之石	0	4035
47024	死亡競賽之勝利碎片	0	3565
47025	幽靈之家之勝利碎片	0	3565
47026	寵物競速之勝利碎片	0	3565
47027	寵物戰之勝利碎片	0	3565
47028	無限大賽之勝利碎片	0	3565
47029	地龍之渴望的眼淚	0	544
47030	火龍之渴望的眼淚	0	545
47031	水龍之渴望的眼淚	0	543
47032	風龍之渴望的眼淚	0	546
47033	侏儒魔菇	0	515
47034	侏儒符咒	0	525
47035	古老水珍珠	0	1185
47036	古老白水晶	0	1174
49005	卡立普的袋子(鑽石)	0	958
49006	卡立普的袋子(綠寶石)	0	958
49007	卡立普的袋子(紅寶石)	0	958
49008	卡立普的袋子(藍寶石)	0	958
49009	卡立普的高級袋子(品質 鑽石)	0	958
49010	卡立普的高級袋子(品質 綠寶石)	0	958
49011	卡立普的高級袋子(品質 紅寶石)	0	958
49012	卡立普的高級袋子(品質 藍寶石)	0	958
49013	魔族的卷軸	0	989
49014	靈魂之球	0	991
49015	黑色米索莉溶液	0	1161
49016	信紙	0	465
49017	信紙	0	466
49018	血盟的信紙	0	465
49019	血盟的信紙	0	466
49020	聖誕卡片	0	465
49021	聖誕卡片	0	466
49022	情人節卡片	0	606
49023	情人節卡片	0	605
49024	白色情人節卡片	0	616
49025	白色情人節卡片	0	615
49026	古老的金幣	0	2434
49027	塔洛斯的鑽石	0	2454
49028	塔洛斯的紅寶石	0	2448
49029	塔洛斯的藍寶石	0	2452
49030	塔洛斯的綠寶石	0	2450
49031	冰之結晶	0	2141
49032	冰魔的袋子	0	958
49033	冰之女王的袋子	0	958
49034	冰之女王的箱子	0	998
49035	冰之城鑰匙	0	59
49036	冰之城鑰匙	0	59
49037	雪之結晶	0	1479
49040	鯊魚卵	food 1	2729
49041	鱷魚肉	food 1	2732
49042	龍龜蛋	food 1	2833
49043	奇異鸚鵡肉	food 1	2739
49044	毒蠍肉	food 1	2731
49045	伊萊克頓肉	food 1	2734
49046	蜘蛛腿肉	food 1	2727
49047	蟹肉	food 1	2737
49048	綜合料理醬	power.Potion	2492
49049	魚子醬	power.Potion	2736
49050	鱷魚肉排	power.Potion	2733
49051	龍龜蛋餅乾	power.Potion	2741
49052	烤奇異鸚鵡	power.Potion	2740
49053	毒蠍串燒	power.Potion	2730
49054	燉伊萊克頓肉	power.Potion	2735
49055	蜘蛛腿串燒	power.Potion	2728
49056	蟹肉湯	power.Potion	2738
49057	特別的 魚子醬	power.Potion	2736
49058	特別的 鱷魚肉排	power.Potion	2733
49059	特別的 龍龜蛋餅乾	power.Potion	2741
49060	特別的 烤奇異鸚鵡	power.Potion	2740
49061	特別的 毒蠍串燒	power.Potion	2730
49062	特別的 燉伊萊克頓肉	power.Potion	2735
49063	特別的 蜘蛛腿串燒	power.Potion	2728
49064	特別的 蟹肉湯	power.Potion	2738
49065	噴水池(家具)	Furniture	2869
49066	花園柱子(家具)	Furniture	2870
49067	花園柱子(家具)	Furniture	2871
49068	屏風(家具)	Furniture	2885
49069	屏風(家具)	Furniture	2886
49070	花瓶架(家具)	Furniture	2890
49071	派對蛋糕(家具)	Furniture	2887
49072	惡魔的銅像(家具)	Furniture	2872
49073	飛龍的銅像(家具)	Furniture	2875
49074	黑豹的銅像(家具)	Furniture	2882
49075	艾莉絲的銅像(家具)	Furniture	2881
49076	巨大牛人的銅像(家具)	Furniture	2880
49077	惡魔的靈魂	0	2873
49078	飛龍的靈魂	0	2876
49079	黑豹的靈魂	0	2883
49080	艾莉絲的靈魂	0	2878
49081	巨大牛人的靈魂	0	2888
49082	不完整的航海日誌	0	2256
49083	不完整的航海日誌	0	2256
49084	不完整的航海日誌	0	2256
49085	不完整的航海日誌	0	2256
49086	不完整的航海日誌	0	2256
49087	不完整的航海日誌	0	2256
49088	不完整的航海日誌	0	2256
49089	不完整的航海日誌	0	2256
49090	不完整的航海日誌	0	2256
49091	不完整的航海日誌	0	2256
49092	龜裂之核	choice.E_MixBox	3026
49093	歐西里斯初級寶箱碎片：上	Valuable_Box_Fragment	3223
49094	歐西里斯初級寶箱碎片：下	Valuable_Box_Fragment	3224
49095	上鎖的歐西里斯初級寶箱	0	3222
49096	開鎖的歐西里斯初級寶箱	0	3225
49097	歐西里斯高級寶箱碎片：上	Valuable_Box_Fragment	3042
49098	歐西里斯高級寶箱碎片：下	Valuable_Box_Fragment	3043
49099	上鎖的歐西里斯高級寶箱	0	3219
49100	開鎖的歐西里斯高級寶箱	0	3220
49101	時空裂痕碎片	0	3034
40227	魔法書(灼熱武器)	0	252
40228	魔法書(呼喚盟友)	0	252
40229	魔法書(閃亮之盾)	0	252
40230	魔法書(勇猛意志)	0	252
40231	魔法書(援護盟友)	0	252
40232	精靈水晶(魔法防禦)	0	673
40233	精靈水晶(心靈轉換)	0	673
40234	精靈水晶(世界樹的呼喚)	0	673
40235	精靈水晶(淨化精神)	0	674
40236	精靈水晶(屬性防禦)	0	674
40237	精靈水晶(釋放元素)	0	677
40238	精靈水晶(魂體轉換)	0	677
40239	精靈水晶(單屬性防禦)	0	677
40240	精靈水晶(三重矢)	0	677
40241	精靈水晶(弱化屬性)	0	682
40242	精靈水晶(魔法消除)	0	682
40243	精靈水晶(召喚屬性精靈)	0	682
40244	精靈水晶(封印禁地)	0	687
40245	精靈水晶(召喚強力屬性精靈)	0	687
40246	精靈水晶(鏡反射)	0	687
40247	精靈水晶(大地防護)	0	676
40248	精靈水晶(地面障礙)	0	676
40249	精靈水晶(大地屏障)	0	676
40250	精靈水晶(大地的護衛)	0	681
40251	精靈水晶(鋼鐵防護)	0	686
40252	精靈水晶(體能激發)	0	686
40253	精靈水晶(水之元氣)	0	678
40254	精靈水晶(生命之泉)	0	683
40255	精靈水晶(生命的祝福)	0	688
40256	精靈水晶(火焰武器)	0	675
40257	精靈水晶(舞躍之火)	0	680
40258	精靈水晶(烈炎武器)	0	685
40259	精靈水晶(屬性之火)	0	685
40260	精靈水晶(風之神射)	0	679
40261	精靈水晶(風之疾走)	0	679
49137	鮮奶油蛋糕	0	2900
49138	巧克力蛋糕	brave.StatusBraveCake 1027	2901
49139	起司蛋糕	0	2902
49140	綠茶蛋糕卷	0	2897
49141	魔法蛋糕盒	0	608
49142	回憶蠟燭	0	2923
49143	勇氣結晶	0	2977
49147	100%歐林的飾品強化卷軸	0	3040
49148	飾品強化卷軸	0	3040
49156	屬性石	0	3279
49157	刻印的骨頭碎片	0	3025
49158	生命之樹果實	brave.StatusElfBrave 480 751	3038
49159	調職命令書	0	2246
49160	丹特斯的召書	0	2246
49161	精靈的私語	0	2994
49162	古代黑妖的秘笈	0	940
49163	密封的情報書	0	912
49164	間諜報告書	0	1322
49165	聖殿 2F鑰匙	0	59
49166	聖殿 3F鑰匙	0	59
49167	魔之角笛	0	2992
49168	破壞之秘藥	0	2996
49169	污濁妖魔之心	0	2101
49170	污濁精靈核晶	0	2096
49171	希蓮恩的指令書	0	2018
49172	希蓮恩的第一次信件	0	2018
49173	希蓮恩的第二次信件	0	2018
49174	希蓮恩的第三次信件	0	2018
49175	希蓮恩的第四次信件	0	2018
49176	希蓮恩的第五次信件	0	2018
49177	希蓮恩的第六次信件	0	2018
49178	希蓮恩護身符	0	1036
49179	希蓮恩之袋	0	1645
49180	希蓮恩之袋	0	1645
49181	希蓮恩的推薦書	0	2018
49182	妖精森林瞬間移動卷軸	teleport.SOR_UserSet false	474
49183	歐瑞村莊瞬間移動卷軸	teleport.SOR_UserSet false	474
49184	風木村莊瞬間移動卷軸	teleport.SOR_UserSet false	474
49185	威頓村莊瞬間移動卷軸	teleport.SOR_UserSet false	474
49186	生銹的笛子	0	43
49187	艾爾摩將軍之心	0	2478
49188	索夏依卡靈魂之心	0	2476
49189	索夏依卡靈魂之笛	0	999
49190	封印的索夏依卡遺物	0	1396
49191	艾爾摩部隊日記	0	2557
49192	時空裂痕水晶(綠色)	0	2295
49193	時空裂痕水晶(藍色)	0	2293
49194	第一次記憶碎片	0	2094
49195	第二次記憶碎片	0	2094
49196	第三次記憶碎片	0	2094
49197	第一次邪念碎片	0	2095
49198	第二次邪念碎片	0	2095
49199	第三次邪念碎片	0	2095
49200	未完成的時間水晶球	0	865
49201	完成的時間水晶球	0	938
49202	時空裂痕邪念碎片	0	1206
49203	食腐獸之血	0	2556
49204	翼龍之血	0	2215
49205	特別的原石	0	3002
49206	塞維斯邪念碎片	0	3039
49207	靈魂之火灰燼	0	591
49208	藍色之火碎片	0	3276
49209	長老普洛凱爾的信件	0	2018
49210	普洛凱爾的第一次指令書	0	2018
49211	普洛凱爾的第二次指令書	0	2018
49212	普洛凱爾的第三次指令書	0	2018
49213	普洛凱爾的第一次信件	0	2018
49214	普洛凱爾的第二次信件	0	2018
49215	普洛凱爾的礦物袋	0	1531
49216	普洛凱爾的護身符	0	1036
49217	妖魔搜索文件(妖魔森林)	0	917
49218	妖魔搜索文件(古魯丁)	0	917
49219	妖魔搜索文件(風木)	0	917
49220	妖魔密使變形卷軸	shop.PolyUserSet 6984 1200	472
49221	妖魔密使首領間諜書	0	917
49222	妖魔密使之笛子	0	43
49223	妖魔密使的徽印	0	2998
49224	幻術士同盟徽印	0	3000
49225	雪怪之心	0	2093
49226	結盟瞬間移動卷軸	0	473
49227	紅色之火碎片	0	3031
49228	發光的銀塊	0	1424
49229	異界邪念粉末	0	2456
49230	塔爾立昂的武器材料清單	0	2018
49231	路西爾斯邪念碎片	0	3039
49232	初級秘笈書	0	2557
49233	狩獵秘笈	0	2257
49234	便當袋	0	958
49235	克特的秘密	0	919
49236	庫卡斯的證明	0	991
49237	史塔利的證明	0	991
49238	狩獵的證明	0	665
49239	消滅之意志	0	990
49240	監視者之眼	hp.UserAddHp 60 80 197	1395
49241	祭壇的碎片	0	1997
49242	底比斯歐西里斯祭壇鑰匙	0	59
49243	香菜	0	513
49244	烤奎斯坦修的螯	power.Potion	2940
49245	烤格利芬肉	power.Potion	2925
49246	亞力安的尾巴肉排	power.Potion	2939
49247	烤巨王龜肉	power.Potion	2927
49248	幼龍翅膀串燒	power.Potion	2930
49249	烤飛龍肉	power.Potion	2928
49250	燉深海魚肉	power.Potion	2936
49251	邪惡蜥蜴蛋湯	power.Potion	2933
49252	特別的烤奎斯坦修的螯	power.Potion	2940
49253	特別的烤格利芬肉	power.Potion	2925
49254	特別的亞力安的尾巴肉排	power.Potion	2939
49255	特別的烤巨王龜肉	power.Potion	2927
49256	特別的幼龍翅膀串燒	power.Potion	2930
49257	特別的烤飛龍肉	power.Potion	2928
49258	特別的燉深海魚肉	power.Potion	2936
49259	特別的邪惡蜥蜴蛋湯	power.Potion	2933
49260	奎斯坦修的螯	food 1	2941
49261	格利芬肉	food 1	2926
49262	亞力安的尾巴	food 1	2938
49263	巨王龜肉	food 1	2937
49264	幼龍翅膀	food 1	2931
49265	飛龍肉	food 1	2929
49266	深海魚肉	food 1	2935
49267	邪惡蜥蜴蛋	food 1	2932
49269	伊森之畫像	hp.UserAddHp 10 30 189	2443
49281	待設定	0	863
49282	待設定	0	863
49270	寶石粉	Firework	2456
49283	待設定	0	863
49286	待設定	0	863
49271	愛瑪伊的心	0	2439
49287	普洛凱爾的第四次指令書	0	2018
49272	愛瑪伊的心	0	2439
49288	普洛凱爾的第五次指令書	0	2018
49273	愛瑪伊的心	0	2439
49274	伊森之心	0	2439
49275	伊森之心	0	2439
49278	勇者的南瓜袋子(金)	Box_BravePumpkin	943
49279	勇者的南瓜袋子(銀)	Box_BravePumpkin	943
49280	勇者的南瓜袋子(銅)	Box_BravePumpkin	943
49284	待設定	0	863
49285	待設定	0	863
49298	福利傳送卷軸：奇岩	0	469
49301	福利傳送卷軸：威頓	0	469
49302	濃縮加速藥水	brave.StatusHaste 1200 191	621
49303	濃縮呼吸藥水	Water_Essence	3750
49304	濃縮森林藥水	brave.StatusElfBrave 1920 751	3749
49305	濃縮勇敢藥水	brave.StatusBrave 1200 751	2464
49306	濃縮藍色藥水	mp.UserMprBlue 2400 11815	3751
49307	濃縮慎重藥水	brave.StatusWisdomPotion2	3753
49308	濃縮變形藥水	sosc.Sosc_Polyitem 5150	3752
49309	象牙塔箭筒	0	1762
70688	魔法卷軸 (暴風之眼)	0	863
49310	修練者的箭 (重複)	0	7
49311	修練者的對武器施法的卷軸	0	929
49312	修練者的對盔甲施法的卷軸	0	928
49313	修練者魔法袋	0	958
49314	修練者補給品卷軸	0	863
49317	修練者妙藥	0	2575
70689	魔法卷軸 (大地屏障)	0	863
49318	庫庫爾坎初級寶箱碎片(上)	Valuable_Box_Fragment	3322
70690	魔法卷軸 (生命之泉)	0	863
49319	庫庫爾坎初級寶箱碎片(下)	Valuable_Box_Fragment	3310
49320	上鎖的庫庫爾坎初級寶箱	0	3314
49321	開鎖的庫庫爾坎初級寶箱	0	3318
70691	魔法卷軸 (大地的護衛)	0	863
49322	庫庫爾坎高級寶箱碎片(上)	Valuable_Box_Fragment	3320
49323	庫庫爾坎高級寶箱碎片(下)	Valuable_Box_Fragment	3308
70692	魔法卷軸 (水之防護)	0	863
49324	上鎖的庫庫爾坎高級寶箱	0	3312
49325	開鎖的庫庫爾坎高級寶箱	0	3316
70693	魔法卷軸 (封印禁地)	0	863
49326	提卡爾庫庫爾坎祭壇鑰匙	0	59
49327	待設定	0	3895
70700	魔法卷軸 (鋼鐵防護)	0	863
49328	待設定	0	3895
70699	魔法卷軸 (風之枷鎖)	0	863
49329	待設定	0	3895
70698	魔法卷軸 (暴風神射)	0	863
49330	待設定	0	3899
70697	魔法卷軸 (生命呼喚)	0	863
49331	待設定	0	3907
70696	魔法卷軸 (生命的祝福)	0	863
49332	待設定	0	3907
49333	待設定	0	3887
70695	魔法卷軸 (烈炎武器)	0	863
49334	待設定	0	3919
70694	魔法卷軸 (召喚屬性精靈)	0	863
49335	魔法氣息(30分鐘)	choice.E_MixBox	3923
49336	高級魔法氣息(1小時)	choice.E_MixBox	3922
49337	最高級魔法氣息(3小時)	choice.E_MixBox	3924
40262	精靈水晶(暴風之眼)	0	684
40263	精靈水晶(暴風神射)	0	689
40264	精靈水晶(風之枷鎖)	0	689
40265	黑暗精靈水晶(暗隱術)	0	4232
40266	黑暗精靈水晶(附加劇毒)	0	4232
40267	黑暗精靈水晶(影之防護)	0	4232
40268	黑暗精靈水晶(提煉魔石)	0	4232
40269	黑暗精靈水晶(力量提升)	0	4232
40270	黑暗精靈水晶(行走加速)	0	4236
40271	黑暗精靈水晶(燃燒鬥志)	0	4236
49440	成熟的西瓜碎片	power.Potion	3588
49475	魔法師的寶石	0	4779
49476	破舊的古書	0	2499
49477	褪色的古書	0	2499
49532	媽祖的祝福(40分)	0	3558
49533	媽祖的祝福(40分)	0	3558
49538	密碼修改卷軸	shop.ResetPassword	205
49546	普洛凱爾的第四次指令書	0	2018
49547	普洛凱爾的第五次指令書	0	2018
49548	魔物的氣息	0	4701
49549	龍之祝福充能鑽石	extra.ItemUse	3721
49550	龍之祝福充能藍寶石	extra.ItemUse	3727
49551	龍之祝福充能紅寶石	extra.ItemUse	3725
49552	龍之珍珠	brave.StatusBraveCake 1027	3723
49553	名譽貨幣	brave.StatusBrave 600 6342	1480
49554	龍之綠寶石	extra.ItemUse	4766
49821	力量的便當籃	0	5430
49822	敏捷的便當籃	0	5429
49823	智力的便當籃	0	5428
49824	成長的便當籃	0	5432
49825	強壯的牛排	power.Potion	4955
49826	敏捷的煎鮭魚	power.Potion	4956
49827	炭烤的火雞	power.Potion	4944
49828	養生的雞湯	power.Potion	4978
49863	死亡競賽強化綠色藥水	brave.StatusHaste 1800 191	3034
49864	死亡競賽古代終極體力恢復劑	hp.UserAddHp 48 80 197	2050
49865	死亡競賽藥物箱	0	2267
49866	力量符石袋(55級)	0	4774
49867	敏捷符石袋(55級)	0	4775
49868	體質符石袋(55級)	0	4772
49869	智力符石袋(55級)	0	4773
49870	精神符石袋(55級)	0	4777
49871	力量符石袋(70級)	0	4774
49872	敏捷符石袋(70級)	0	4775
49873	體質符石袋(70級)	0	4772
49874	智力符石袋(70級)	0	4773
49875	精神符石袋(70級)	0	4777
49927	符石魔力去除劑	0	4816
49928	失去魔力的符石(55等)	0	4779
50103	偷窺卡	0	138
50104	反偷窺卡	0	138
50138	怪物對戰競賽票	0	143
50139	大樂透彩卷	0	143
44126	一億支票	0	138
50495	橘熾魔法娃娃的袋子	0	3263
50496	煉金魔法娃娃的袋子	0	3263
50497	1階魔法娃娃袋子	0	3263
50498	魔法娃娃驚喜箱	0	6958
50499	死亡競賽紀念箱	0	2267
55000	魔法娃娃：肥肥	0	6806
55001	魔法娃娃：小思克巴	0	6812
55002	魔法娃娃：野狼寶寶	0	6807
55003	魔法娃娃：稻草人	0	3338
55004	魔法娃娃：巫妖	0	6821
55005	魔法娃娃：希爾黛斯	0	3070
55006	魔法娃娃：雪怪	0	6810
55007	魔法娃娃：蛇女	0	3217
55008	魔法娃娃：經驗公主	0	5089
55009	魔法娃娃：史巴托	0	3496
55010	魔法娃娃：長老	0	6811
55011	魔法娃娃：奎斯坦修	0	6809
55012	魔法娃娃：石頭高崙	0	6808
55013	魔法娃娃：亞力安	0	6813
55014	魔法娃娃：變形怪	0	5519
55015	魔法娃娃：王族(♂)	0	5088
55016	魔法娃娃：王族(♀)	0	5089
55017	魔法娃娃：騎士(♂)	0	5090
55018	魔法娃娃：騎士(♀)	0	5091
55019	魔法娃娃：妖精(♂)	0	5096
55020	魔法娃娃：妖精(♀)	0	5097
55021	魔法娃娃：法師(♂)	0	5094
55022	魔法娃娃：法師(♀)	0	5095
55023	魔法娃娃：黑暗妖精(♂)	0	5092
55024	魔法娃娃：黑暗妖精(♀)	0	5093
55025	魔法娃娃：龍騎士(♂)	0	5098
55026	魔法娃娃：龍騎士(♀)	0	5099
55027	魔法娃娃：幻術士(♂)	0	5100
55028	魔法娃娃：幻術士(♀)	0	5101
55029	魔法娃娃：美人魚	0	4145
55030	不開放#僅查看用	0	4146
55031	不開放#僅查看用	0	4148
55032	不開放#僅查看用	0	4150
55033	不開放#僅查看用	0	4152
55034	不開放#僅查看用	0	4154
55035	魔法娃娃：阿魯巴	0	4134
55036	不開放#僅查看用	0	4135
55037	不開放#僅查看用	0	4137
55038	不開放#僅查看用	0	4139
55039	不開放#僅查看用	0	4141
55040	不開放#僅查看用	0	4143
55041	魔法娃娃：巨人	0	4156
55042	不開放#僅查看用	0	4157
55043	不開放#僅查看用	0	4159
55044	不開放#僅查看用	0	4161
55045	不開放#僅查看用	0	4163
55046	不開放#僅查看用	0	4165
55047	魔法娃娃：獨眼巨人	0	4123
55048	不開放#僅查看用	0	4124
55049	不開放#僅查看用	0	4126
55050	不開放#僅查看用	0	4128
55051	不開放#僅查看用	0	4130
55052	不開放#僅查看用	0	4132
55053	橘熾娃娃：紅火	0	5033
55054	不開放#僅查看用	0	5035
55055	不開放#僅查看用	0	5037
55056	不開放#僅查看用	0	5039
55057	不開放#僅查看用	0	5041
55058	不開放#僅查看用	0	5043
55059	橘熾娃娃：黃燄	0	5045
55060	不開放#僅查看用	0	5047
55061	不開放#僅查看用	0	5049
55062	不開放#僅查看用	0	5051
55063	不開放#僅查看用	0	5053
55064	不開放#僅查看用	0	5055
55065	橘熾娃娃：綠光	0	5021
55066	不開放#僅查看用	0	5023
55067	不開放#僅查看用	0	5025
55068	不開放#僅查看用	0	5027
55069	不開放#僅查看用	0	5029
55070	不開放#僅查看用	0	5031
55071	魔法娃娃：飛龍	0	4998
55072	不開放#僅查看用	0	4999
55073	不開放#僅查看用	0	5001
55074	不開放#僅查看用	0	5003
55075	不開放#僅查看用	0	5005
55076	不開放#僅查看用	0	5007
55077	橘熾娃娃：藍炙	0	5009
55078	不開放#僅查看用	0	5011
55079	不開放#僅查看用	0	5013
55080	不開放#僅查看用	0	5015
55081	不開放#僅查看用	0	5017
55082	不開放#僅查看用	0	5019
55084	初階祭司娃娃召喚書	0	3138
55085	中階祭司娃娃召喚書	0	3138
55086	高階祭司娃娃召喚書	0	3138
55087	頂階祭司娃娃召喚書	0	3138
55088	金幣驚喜袋	0	2434
56069	待設定	0	9060
56090	待設定	0	9076
56091	待設定	0	9075
56092	待設定	0	9077
56093	待設定	0	9074
56094	待設定	0	9072
56095	待設定	0	9071
56096	待設定	0	9073
56097	待設定	0	9070
56098	待設定	0	2753
56147	真．妲蒂斯魔石	0	3727
56148	妲蒂斯魔石	0	3727
56149	指定傳送(巴風特)	teleport.SOR_UserSet false	1814
56150	守護者的靈魂	0	5218
56151	全能力+40超級藥水	0	3905
56153	指定傳送(巴列斯)	teleport.SOR_UserSet false	1814
56154	指定傳送(巨大牛人)	teleport.SOR_UserSet false	1814
56155	指定傳送(冰之女皇)	teleport.SOR_UserSet false	1814
56156	指定傳送(暗殺軍王．史雷佛)	teleport.SOR_UserSet false	1814
56157	指定傳送(惡魔)	teleport.SOR_UserSet false	1814
56158	指定傳送(巴蘭卡)	teleport.SOR_UserSet false	1814
56159	指定傳送(瑪依奴鑽石高侖)	teleport.SOR_UserSet false	1814
56160	指定傳送(巴蘭卡)	teleport.SOR_UserSet false	1814
56161	指定傳送(長老．艾迪爾)	teleport.SOR_UserSet false	1814
56163	指定傳送(死亡騎士)	teleport.SOR_UserSet false	1814
56164	指定傳送(克特)	teleport.SOR_UserSet false	1814
56165	指定傳送(巨蟻女皇)	teleport.SOR_UserSet false	1814
56166	指定傳送(飛龍)	teleport.SOR_UserSet false	1814
56167	指定傳送(黑長者)	teleport.SOR_UserSet false	1814
56168	指定傳送(變形怪)	teleport.SOR_UserSet false	1814
56169	指定傳送(古代巨人)	teleport.SOR_UserSet false	1814
56170	指定傳送(不死鳥)	teleport.SOR_UserSet false	1814
56171	指定傳送(長老-泰瑪斯)	teleport.SOR_UserSet false	1814
56172	指定傳送(長老-拉曼斯)	teleport.SOR_UserSet false	1814
56173	指定傳送(長老-巴陸德)	teleport.SOR_UserSet false	1814
56174	指定傳送(長老-安迪斯)	teleport.SOR_UserSet false	1814
56175	指定傳送(長老-巴洛斯)	teleport.SOR_UserSet false	1814
56176	指定傳送(長老-巴塔斯)	teleport.SOR_UserSet false	1814
56177	指定傳送(長老-琪娜)	teleport.SOR_UserSet false	1814
56178	指定傳送(地下訓練場)	teleport.SOR_UserSet false	1814
56179	指定傳送(地下通道)	teleport.SOR_UserSet false	1814
56180	指定傳送(地下控制室)	teleport.SOR_UserSet false	1814
56181	指定傳送(地下處刑場)	teleport.SOR_UserSet false	1814
56182	指定傳送(地下競技場)	teleport.SOR_UserSet false	1814
56183	指定傳送(地下監獄)	teleport.SOR_UserSet false	1814
56184	指定傳送(地下集會場)	teleport.SOR_UserSet false	1814
56185	指定傳送(1F 魔獸訓練場)	teleport.SOR_UserSet false	1814
56186	指定傳送(1F 魔獸召喚室)	teleport.SOR_UserSet false	1814
56187	指定傳送(1F 黑暗結界)	teleport.SOR_UserSet false	1814
56188	指定傳送(2F 黑魔法修練場)	teleport.SOR_UserSet false	1814
56189	指定傳送(2F 黑魔法研究室)	teleport.SOR_UserSet false	1814
56190	指定傳送(2F 法令軍王之室)	teleport.SOR_UserSet false	1814
56191	指定傳送(2F 法令軍王的書房)	teleport.SOR_UserSet false	1814
56192	指定傳送(2F 暗黑精靈召喚室)	teleport.SOR_UserSet false	1814
56193	指定傳送(2F 暗黑精靈棲息地)	teleport.SOR_UserSet false	1814
56194	指定傳送(2F 暗黑精靈研究室)	teleport.SOR_UserSet false	1814
56195	指定傳送(2F 黑暗結界)	teleport.SOR_UserSet false	1814
56196	指定傳送(3F 惡靈祭壇)	teleport.SOR_UserSet false	1814
56197	指定傳送(3F 惡靈之主祭壇)	teleport.SOR_UserSet false	1814
56198	指定傳送(3F 傭兵訓練場)	teleport.SOR_UserSet false	1814
56199	指定傳送(3F 冥法軍訓練場)	teleport.SOR_UserSet false	1814
56200	指定傳送(3F 歐姆實驗室)	teleport.SOR_UserSet false	1814
56201	指定傳送(3F 冥法軍王之室)	teleport.SOR_UserSet false	1814
56202	指定傳送(3F 中央控制室)	teleport.SOR_UserSet false	1814
56203	指定傳送(3F 惡靈之主傭兵室)	teleport.SOR_UserSet false	1814
56204	指定傳送(3F 控制走廊)	teleport.SOR_UserSet false	1814
56205	指定傳送(3F 黑暗結界)	teleport.SOR_UserSet false	1814
56206	指定傳送(4F 區域一)	teleport.SOR_UserSet false	1814
56207	指定傳送(4F 區域二)	teleport.SOR_UserSet false	1814
56208	指定傳送(4F 區域三)	teleport.SOR_UserSet false	1814
56209	指定傳送(4F 區域四)	teleport.SOR_UserSet false	1814
56210	指定傳送(4F 區域五)	teleport.SOR_UserSet false	1814
56211	指定傳送(4F 黑暗妖精聖地)	teleport.SOR_UserSet false	1814
56212	指定傳送(古代巨人之墓)	teleport.SOR_UserSet false	1814
56213	指定傳送(魔族神殿)	teleport.SOR_UserSet false	1814
56214	哈汀的時空之玉	0	2594
56215	歐林的時空之玉	0	2594
56216	歐林的日記 6/14	extra.ItemUse	1760
56217	歐林的日記 6/16	extra.ItemUse	1760
56218	歐林的日記 6/18	extra.ItemUse	1760
56219	歐林的日記 6/21	extra.ItemUse	1760
56220	歐林的日記 6/22	extra.ItemUse	1760
56221	歐林的日記 6/25	extra.ItemUse	1760
56222	歐林的日記 7/05	extra.ItemUse	1760
56223	歐林的日記 7/17	extra.ItemUse	1760
56224	歐林的日記 7/18	extra.ItemUse	1760
56225	歐林的日記 8/05	extra.ItemUse	1760
56226	歐林的日記 8/08	extra.ItemUse	1760
56227	歐林的日記 8/09	extra.ItemUse	1760
56228	歐林的日記 8/10	extra.ItemUse	1760
56229	歐林的日記 8/11	extra.ItemUse	1760
56230	歐林的日記 8/12	extra.ItemUse	1760
56231	歐林的日記 8/13	extra.ItemUse	1760
56232	歐林的日記 8/14	extra.ItemUse	1760
56233	歐林的日記 8/15	extra.ItemUse	1760
56234	歐林的日記本	extra.ItemUse	4198
56235	魔幻之水	0	2883
56236	第1階段獎勵箱子	0	3562
56237	第2階段獎勵箱子	0	3562
56238	第3階段獎勵箱子	0	3562
56239	第4階段獎勵箱子	0	3562
56240	第5階段獎勵箱子	0	3562
56241	第6階段獎勵箱子	0	3562
56242	第7階段獎勵箱子	0	3562
56243	第8階段獎勵箱子	0	3562
56244	第9階段獎勵箱子	0	3562
56245	第10階段獎勵箱子	0	3562
56246	第11階段獎勵箱子	0	3562
56247	第12階段獎勵箱子	0	3562
56248	第13階段獎勵箱子	0	3562
56249	第14階段獎勵箱子	0	3562
56250	第15階段獎勵箱子	0	3562
56251	第16階段獎勵箱子	0	3562
56252	咒術袋	0	2089
56254	藏寶箱 (海洋哈維)	0	3902
56255	藏寶箱 (海洋飛龍)	0	3902
56256	魔族武器保護卷軸	0	3072
56257	隱藏的地下宮殿 1F指定傳送卷軸	teleport.SOR_UserSet false	3917
56258	隱藏的地下宮殿 2F指定傳送卷軸	teleport.SOR_UserSet false	3917
56259	隱藏的地下宮殿 3F指定傳送卷軸	teleport.SOR_UserSet false	3917
56260	隱藏的地下宮殿 4F指定傳送卷軸	teleport.SOR_UserSet false	4047
56261	地之武器強化卷軸	0	3028
56262	火之武器強化卷軸	0	3032
56263	水之武器強化卷軸	0	3029
56264	風之武器強化卷軸	0	3030
600127	旋印武器強化卷軸	reel.E_AttrWeapon 8 3 6 36	3030
56265	光之武器強化卷軸	0	3028
56266	暗之武器強化卷軸	0	3032
56267	聖之武器強化卷軸	0	3029
56268	邪之武器強化卷軸	0	3030
56269	魔之武器強化卷軸	0	3028
56270	魂之武器強化卷軸	0	3032
56271	血之武器強化卷軸	0	3029
56272	靈之武器強化卷軸	0	3030
56273	地之強化頂階卷軸(100%)	0	3028
56274	水之強化頂階卷軸(100%)	0	3032
56275	火之強化頂階卷軸(100%)	0	3029
56276	邪之強化頂階卷軸(100%)	0	3852
56277	聖之強化頂階卷軸(100%)	0	3852
56278	暗之強化頂階卷軸(100%)	0	3852
56279	光之強化頂階卷軸(100%)	0	3852
56280	魔之強化頂階卷軸(100%)	0	3852
56281	魂之強化頂階卷軸(100%)	0	3852
56282	血之強化頂階卷軸(100%)	0	3852
56283	初級裝備保護卷軸	0	3072
56284	中級裝備保護卷軸	0	3072
56285	高級裝備保護卷軸	0	3072
56291	指定傳送(地底湖)	teleport.SOR_UserSet false	1814
56292	指定傳送(暗影神殿外圍)	teleport.SOR_UserSet false	1814
56293	指定傳送(不死魔族拋棄之地)	teleport.SOR_UserSet false	1814
56294	指定傳送(水之領域)	teleport.SOR_UserSet false	1814
56295	指定傳送(地之領域)	teleport.SOR_UserSet false	1814
56296	指定傳送(火之領域)	teleport.SOR_UserSet false	1814
56297	指定傳送(風之領域)	teleport.SOR_UserSet false	1814
56298	指定傳送(遺忘之島)	teleport.SOR_UserSet false	1814
56299	指定傳送(夢幻之島)	teleport.SOR_UserSet false	1814
56300	船舶之墓海面	teleport.SOR_UserSet false	1814
56301	火龍-棲息地	teleport.SOR_UserSet false	1814
56302	地龍-棲息地	teleport.SOR_UserSet false	1814
56303	水龍-棲息地	teleport.SOR_UserSet false	1814
56304	風龍-棲息地	teleport.SOR_UserSet false	1814
56305	雙蛇棲息地	teleport.SOR_UserSet false	1814
56306	深海(團練區)	teleport.SOR_UserSet false	1814
56312	指定傳送(底比斯沙漠)	teleport.SOR_UserSet false	1814
56313	城墎傳送卷軸	teleport.SOR_UserSet false	1814
56324	吉爾塔斯棲息地	teleport.SOR_UserSet false	1814
56350	HP擴充藥水	0	11927
56351	MP擴充藥水	0	11928
56466	大聲公	shop.BroadCard	5427
56467	大聲公	0	5427
60219	魔法娃娃成長藥劑	choice_doll.Growth	4110
60224	永恆項鍊強化卷軸	0	3852
60225	永恆戒指強化卷軸	0	3852
60226	蛇夫座的強化卷軸	0	1686
60227	格蘭肯強化法典	0	2501
60228	龍血精華	0	1761
60229	無雙強化卷軸	0	1690
60230	獵影之痕強化卷軸	0	1690
60231	麥斯特耳環強化卷軸	0	3852
60232	黑帝斯斗篷強化卷軸	0	927
60233	魔化的黑帝斯斗篷強化卷軸	0	1693
60234	夜月之力	0	6605
60235	馬爾斯強化卷軸	0	6225
60236	光之殷海薩強化卷軸	0	3852
60237	15週年戒指強化卷軸	0	3852
70000	附魔石	0	3002
70001	附魔強化卷軸	choice.SealReleaseItem	1690
70002	近戰附魔轉換卷軸(附魔石)	choice.SealReleaseItem	1687
70003	遠攻附魔轉換卷軸(附魔石)	choice.SealReleaseItem	1693
70004	恢復附魔轉換卷軸(附魔石)	choice.SealReleaseItem	1687
70005	防禦附魔轉換卷軸(附魔石)	choice.SealReleaseItem	1693
70006	1階附魔石(近戰)	power.ItemBuff	543
70007	2階附魔石(近戰)	power.ItemBuff	543
70008	3階附魔石(近戰)	power.ItemBuff	543
70009	4階附魔石(近戰)	power.ItemBuff	543
70010	5階附魔石(近戰)	power.ItemBuff	543
70011	6階附魔石(近戰)	power.ItemBuff	543
70012	7階附魔石(近戰)	power.ItemBuff	543
70013	8階附魔石(近戰)	power.ItemBuff	543
70014	9階附魔石(近戰)	power.ItemBuff	543
70015	1階附魔石(遠攻)	power.ItemBuff	544
70016	2階附魔石(遠攻)	power.ItemBuff	544
70017	3階附魔石(遠攻)	power.ItemBuff	544
70018	4階附魔石(遠攻)	power.ItemBuff	544
70019	5階附魔石(遠攻)	power.ItemBuff	544
70020	6階附魔石(遠攻)	power.ItemBuff	544
70021	7階附魔石(遠攻)	power.ItemBuff	544
70022	8階附魔石(遠攻)	power.ItemBuff	544
70023	9階附魔石(遠攻)	power.ItemBuff	544
70024	1階附魔石(恢復)	power.ItemBuff	545
70025	2階附魔石(恢復)	power.ItemBuff	545
70026	3階附魔石(恢復)	power.ItemBuff	545
70027	4階附魔石(恢復)	power.ItemBuff	545
70028	5階附魔石(恢復)	power.ItemBuff	545
70029	6階附魔石(恢復)	power.ItemBuff	545
70030	7階附魔石(恢復)	power.ItemBuff	545
70031	8階附魔石(恢復)	power.ItemBuff	545
70032	9階附魔石(恢復)	power.ItemBuff	545
70033	1階附魔石(防禦)	power.ItemBuff	546
70034	2階附魔石(防禦)	power.ItemBuff	546
70035	3階附魔石(防禦)	power.ItemBuff	546
70036	4階附魔石(防禦)	power.ItemBuff	546
70037	5階附魔石(防禦)	power.ItemBuff	546
70038	6階附魔石(防禦)	power.ItemBuff	546
70039	7階附魔石(防禦)	power.ItemBuff	546
70040	8階附魔石(防禦)	power.ItemBuff	546
70041	9階附魔石(防禦)	power.ItemBuff	546
70042	龍印魔石	0	3002
70043	龍印魔石強化卷軸	choice.SealReleaseItem	1690
70044	鬥士附魔轉換卷軸(龍印魔石)	choice.SealReleaseItem	1687
70045	弓手附魔轉換卷軸(龍印魔石)	choice.SealReleaseItem	1693
70046	賢者附魔轉換卷軸(龍印魔石)	choice.SealReleaseItem	1687
70047	衝鋒附魔轉換卷軸(龍印魔石)	choice.SealReleaseItem	1693
70048	0階龍印魔石(鬥士)	power.ItemBuff	5440
70049	1階龍印魔石(鬥士)	power.ItemBuff	5440
70050	2階龍印魔石(鬥士)	power.ItemBuff	5440
70051	3階龍印魔石(鬥士)	power.ItemBuff	5440
70052	4階龍印魔石(鬥士)	power.ItemBuff	5440
70053	5階龍印魔石(鬥士)	power.ItemBuff	5440
70054	6階龍印魔石(鬥士)	power.ItemBuff	5440
70055	7階龍印魔石(鬥士)	power.ItemBuff	5440
70056	8階龍印魔石(鬥士)	power.ItemBuff	5440
70057	9階龍印魔石(鬥士)	power.ItemBuff	5440
70058	0階龍印魔石(弓手)	power.ItemBuff	5442
70059	1階龍印魔石(弓手)	power.ItemBuff	5442
70060	2階龍印魔石(弓手)	power.ItemBuff	5442
70061	3階龍印魔石(弓手)	power.ItemBuff	5442
70062	4階龍印魔石(弓手)	power.ItemBuff	5442
70063	5階龍印魔石(弓手)	power.ItemBuff	5442
70064	6階龍印魔石(弓手)	power.ItemBuff	5442
70065	7階龍印魔石(弓手)	power.ItemBuff	5442
70066	8階龍印魔石(弓手)	power.ItemBuff	5442
70067	9階龍印魔石(弓手)	power.ItemBuff	5442
70068	0階龍印魔石(賢者)	power.ItemBuff	5444
70069	1階龍印魔石(賢者)	power.ItemBuff	5444
70070	2階龍印魔石(賢者)	power.ItemBuff	5444
70071	3階龍印魔石(賢者)	power.ItemBuff	5444
70072	4階龍印魔石(賢者)	power.ItemBuff	5444
70073	5階龍印魔石(賢者)	power.ItemBuff	5444
70074	6階龍印魔石(賢者)	power.ItemBuff	5444
70075	7階龍印魔石(賢者)	power.ItemBuff	5444
70076	8階龍印魔石(賢者)	power.ItemBuff	5444
70077	9階龍印魔石(賢者)	power.ItemBuff	5444
70078	0階龍印魔石(衝鋒)	power.ItemBuff	5446
70079	1階龍印魔石(衝鋒)	power.ItemBuff	5446
70080	2階龍印魔石(衝鋒)	power.ItemBuff	5446
70081	3階龍印魔石(衝鋒)	power.ItemBuff	5446
70082	4階龍印魔石(衝鋒)	power.ItemBuff	5446
70083	5階龍印魔石(衝鋒)	power.ItemBuff	5446
70084	6階龍印魔石(衝鋒)	power.ItemBuff	5446
70085	7階龍印魔石(衝鋒)	power.ItemBuff	5446
70086	8階龍印魔石(衝鋒)	power.ItemBuff	5446
70087	9階龍印魔石(衝鋒)	power.ItemBuff	5446
70500	待設定	0	6227
70501	待設定	0	6227
70502	待設定	0	6227
70503	待設定	0	6227
70504	待設定	0	6227
70505	待設定	0	6227
70506	待設定	0	6227
70507	待設定	0	6227
70508	待設定	0	6227
70509	待設定	0	6227
70601	魔法卷軸 (體魄強健術)	0	863
70602	魔法卷軸 (加速術)	0	863
70603	魔法卷軸 (魔法相消術)	0	863
70604	魔法卷軸 (地裂術)	0	863
70605	魔法卷軸 (烈炎術)	0	863
70606	魔法卷軸 (弱化術)	0	863
70607	魔法卷軸 (祝福魔法武器)	0	863
70608	魔法卷軸 (體力回復術)	0	863
70609	魔法卷軸 (冰矛圍籬)	0	863
70610	魔法卷軸 (召喚術)	0	863
70611	魔法卷軸 (神聖疾走)	0	863
70633	魔法卷軸 (流星雨)	0	863
70612	魔法卷軸 (龍捲風)	0	863
70613	魔法卷軸 (強力加速術)	0	863
70614	魔法卷軸 (狂暴術)	0	863
70615	魔法卷軸 (疾病術)	0	863
70616	魔法卷軸 (全部治癒術)	0	863
70617	魔法卷軸 (火牢)	0	863
70618	魔法卷軸 (冰雪暴)	0	863
70619	魔法卷軸 (隱身術)	0	863
70620	魔法卷軸 (返生術)	0	863
70621	魔法卷軸 (震裂術)	0	863
70622	魔法卷軸 (治癒能量風暴)	0	863
70623	魔法卷軸 (魔法封印)	0	863
70624	魔法卷軸 (雷霆風暴)	0	863
70625	魔法卷軸 (沉睡之霧)	0	863
70632	魔法卷軸 (創造魔法武器)	0	863
70626	魔法卷軸 (變形術)	0	863
70627	魔法卷軸 (聖結界)	0	863
70628	魔法卷軸 (集體傳送術)	0	863
70629	魔法卷軸 (火風暴)	0	863
70630	魔法卷軸 (藥水霜化術)	0	863
70631	魔法卷軸 (強力無所遁形術)	0	863
80015	地龍的勳章	0	4037
80016	水龍的勳章	0	4036
80017	風龍的勳章	0	4038
80018	火龍的勳章	0	4039
80019	哈爾巴斯的執念	0	3479
80021	寒冰的 頭飾原石	0	5191
80022	寒冰的 涼鞋原石	0	5192
80023	寒冰的 禮服絲料	0	5190
80024	巨蟻女皇的蛋	0	1851
80026	沙蟲的沙袋	0	1173
80027	火神之槌	0	5216
80028	火神契約	0	5212
80029	火神結晶體	0	5210
80030	變異的實驗結晶體	0	1804
80031	變異實驗體棲息地	teleport.SOR_UserSet false	551
80032	推廣禮盒	0	6958
80033	推廣銀幣	0	9749
80034	神力藥水寶箱	0	3562
80035	經驗祝福	0	3069
80036	封印的 寒冰鎖鏈劍	0	5123
80037	封印的 寒冰奇古獸	0	5125
40272	黑暗精靈水晶(暗黑盲咒)	0	4236
80040	魔法技能 (烈焰之魂)あ	0	2352
80206	魔法技能 (寒冰尖刺)あ	0	5737
80207	魔法技能 (降低負重)あ	0	3120
80208	魔法娃娃：聖誕雪人	0	4194
80266	魔法娃娃：格鬥之王	0	5607
80267	魔法娃娃：小橘尖兵	0	5551
80268	魔法娃娃：企鵝王子	0	5378
80269	不開放#僅查看用	0	5379
80270	不開放#僅查看用	0	5381
80271	不開放#僅查看用	0	5383
80272	不開放#僅查看用	0	5385
80273	不開放#僅查看用	0	5387
80274	魔法娃娃：企鵝公主	0	5367
80275	不開放#僅查看用	0	5368
80276	不開放#僅查看用	0	5370
80277	不開放#僅查看用	0	5372
80278	不開放#僅查看用	0	5374
80279	不開放#僅查看用	0	5376
80280	魔法娃娃：火焰之子	0	6752
80281	魔法娃娃：少女帕歐	0	6756
80282	不開放#僅查看用	0	6757
80283	不開放#僅查看用	0	6758
80286	魔法娃娃：少年帕克	0	6753
80287	不開放#僅查看用	0	6754
80288	不開放#僅查看用	0	6755
80290	不開放#僅查看用	0	6758
80291	不開放#僅查看用	0	6758
80292	不開放#僅查看用	0	6758
80293	不開放#僅查看用	0	6758
80294	不開放#僅查看用	0	6758
80295	不開放#僅查看用	0	6758
80296	不開放#僅查看用	0	6758
80297	不開放#僅查看用	0	6758
80298	不開放#僅查看用	0	6758
80299	不開放#僅查看用	0	6758
80300	不開放#僅查看用	0	6792
80301	不開放#僅查看用	0	6792
80302	不開放#僅查看用	0	6792
80303	不開放#僅查看用	0	6792
80304	不開放#僅查看用	0	6792
80305	不開放#僅查看用	0	6755
80306	不開放#僅查看用	0	6755
80307	不開放#僅查看用	0	6755
80308	不開放#僅查看用	0	6755
80309	不開放#僅查看用	0	6755
80310	不開放#僅查看用	0	6755
80311	不開放#僅查看用	0	6755
80312	不開放#僅查看用	0	6755
80313	不開放#僅查看用	0	6755
80314	不開放#僅查看用	0	6755
80315	不開放#僅查看用	0	6791
80316	不開放#僅查看用	0	6791
80317	不開放#僅查看用	0	6791
80318	不開放#僅查看用	0	6791
80319	不開放#僅查看用	0	6791
80320	精靈的寶石	choice_doll.Elf_GemStone	6072
80321	魔幻的寶石	choice_doll.Mysterious_GemStone	6786
80322	火神痕跡	0	1960
80323	火焰的勳章	0	6069
80324	進化理論	0	2429
80325	進化碎片	0	1347
80326	淨化魔法書	0	1694
80327	次元魔方	0	3725
80328	回收憑證	0	2553
80329	光之加護	0	5103
80330	霸王氣息	0	4679
80331	專業回收憑證	0	2336
80332	回收魔珠	0	938
80333	回收魔珠A	0	865
80334	回收魔珠B	0	865
80335	回收魔珠C	0	865
80336	魔法娃娃：木頭	0	6962
80337	魔法娃娃：熔岩高崙	0	6960
80338	魔法娃娃：雪人	0	6815
80339	魔法娃娃：美人魚	0	6814
80340	魔法娃娃：黑長者	0	6817
80341	魔法娃娃：思克巴女皇	0	6816
80342	魔法娃娃：食人妖精王	0	6832
80343	魔法娃娃：鑽石高崙	0	6961
80344	魔法娃娃：巨人	0	6818
80345	魔法娃娃：飛龍	0	6819
80346	魔法娃娃：獨眼巨人	0	6820
80347	魔法娃娃：幻象眼魔	0	6878
80348	魔法娃娃：吸血鬼	0	7531
80349	魔法娃娃：艾莉絲	0	7532
80350	魔法娃娃：騎士范德	0	6875
80351	魔法娃娃：莫提斯	0	6826
80352	魔法娃娃：巴蘭卡	0	7530
80353	魔法娃娃：木乃伊王	0	7413
80354	魔法娃娃：惡魔	0	6876
80355	魔法娃娃：死亡騎士	0	6877
80356	[偽]魔法娃娃：喪葬法師	0	7935
80357	[偽]魔法娃娃：孫武控	0	7936
80358	[偽]魔法娃娃：豬扒芥	0	7937
80359	[偽]魔法娃娃：煞無禁	0	7938
80360	[仿]魔法娃娃：三藏法師	0	7935
80361	[仿]魔法娃娃：孫悟空	0	7936
80362	[仿]魔法娃娃：豬八戒	0	7937
80363	[仿]魔法娃娃：沙悟淨	0	7938
80364	魔法娃娃：三藏法師	0	7935
80365	魔法娃娃：孫悟空	0	7936
80366	魔法娃娃：豬八戒	0	7937
80367	魔法娃娃：沙悟淨	0	7938
80368	魔法娃娃：巴風特	0	8321
80369	魔法娃娃：冰之女王	0	8322
80370	魔法娃娃：克特	0	8323
80371	魔法娃娃：墮落	0	8080
80372	魔法娃娃：安塔瑞斯	0	6824
80373	魔法娃娃：法利昂	0	6823
80374	魔法娃娃：林德拜爾	0	6822
80375	魔法娃娃：巴拉卡斯	0	6825
81000	靈魂石：死亡騎士	0	5103
81001	靈魂石：魔法師	0	5103
81002	靈魂石：哈汀之影	0	5103
81003	靈魂石：黑魔法師	0	5103
81004	靈魂石：惡魔 	0	5103
81005	靈魂石：琪娜	0	5103
81006	靈魂石：巴塔斯	0	5103
81007	靈魂石：巴洛斯	0	5103
81008	靈魂石：安迪斯	0	5103
81009	靈魂石：艾迪爾	0	5103
81010	靈魂石：泰瑪斯	0	5103
81011	靈魂石：拉曼斯	0	5103
81012	靈魂石：巴陸德	0	5103
81013	靈魂石：巴蘭卡	0	5103
81014	靈魂石：蕾雅	0	5103
81015	靈魂石：史雷佛	0	5103
81016	靈魂石：海露拜	0	5103
81017	靈魂石：克特	0	5103
81018	靈魂石：墮落	0	5103
81019	靈魂石：歪曲的潔尼斯女王	0	5103
81020	靈魂石：不幸的幻象眼魔	0	5103
81021	靈魂石：恐怖的吸血鬼	0	5103
81022	靈魂石：死亡的殭屍王	0	5103
82202	記憶擴充水晶	0	5193
82203	特別的高麗犬誘食	0	4074
82204	特別的虎男誘食	0	4076
40897	魔法卷軸 (魔力奪取)	0	6041
40898	魔法卷軸 (黑闇之影)	0	6042
82209	黑帝斯魔珠A	0	942
82210	黑帝斯魔珠B	0	942
82211	精神藥水	mp.UserAddMp 30 30 190	1730
82212	兔子的肝	hp.UserAddHp 400 700 189	904
82214	歐林的飾品強化卷軸	0	5333
82215	[受祝福]歐林的飾品強化卷軸	0	5333
82216	查詢時間加倍卡	0	4047
82217	被封印的歷史書1章袋	0	3232
82218	被封印的歷史書2章袋	0	3232
82219	被封印的歷史書3章袋	0	3232
82220	被封印的歷史書4章袋	0	3232
82221	被封印的歷史書5章袋	0	3232
82222	被封印的歷史書6章袋	0	3232
82223	被封印的歷史書7章袋	0	3232
82224	被封印的歷史書8章袋	0	3232
82234	可疑的箱子	0	3944
82235	大黑長者的箱子	0	3944
82236	龍之蛋	0	1543
82237	龍之血	wand.Create_Monster_Magic_Wand	5782
82238	傑羅斯的靈魂	wand.Create_Monster_Magic_Wand	6134
82239	傑羅斯的袋子	0	2089
82240	金幣袋子	0	4936
82241	魔法卷軸 (聖結界)	0	6103
82500	炸彈	0	592
82501	魔力的線	0	1807
82502	魔力之核	0	1706
82503	訓練所鑰匙	0	59
82504	龍門憑證	0	4042
83000	貝利	0	6000
83001	高彈力釣竿	FishingPole	5690
83002	營養釣餌	0	4958
83003	小熊娃娃	0	2435
83005	待設定	0	3293
83006	待設定	0	5724
83007	待設定	0	3298
83008	待設定	0	5723
83009	待設定	0	5676
83010	待設定	0	5726
83011	待設定	0	5667
83015	小丑魚	0	5699
83016	藍色小丑魚	0	5700
83017	鸚鵡小丑魚	0	5698
83018	黃金箱	0	3562
83019	黃金長靴	0	4181
83020	濕濕的釣魚背包	0	5783
83021	待設定	0	5725
83022	黃金貝利	0	6530
83025	黃金魚骨頭	0	6527
83026	銀斧頭	0	6525
83027	金斧頭	0	6523
83028	黃金魚	0	6083
83029	妲蒂斯的遺物	0	2439
83055	巴風特雕像	0	6858
84001	傲慢之塔移動卷軸(1F)	teleport.SOR_UserSet	5487
84002	傲慢之塔移動卷軸(2F)	0	6719
84003	傲慢之塔移動卷軸(3F)	0	6720
84004	傲慢之塔移動卷軸(4F)	0	6721
84005	傲慢之塔移動卷軸(5F)	0	6722
84006	傲慢之塔移動卷軸(6F)	0	6723
84007	傲慢之塔移動卷軸(7F)	0	6724
84008	傲慢之塔移動卷軸(8F)	0	6725
84009	傲慢之塔移動卷軸(9F)	0	6726
84010	傲慢之塔移動卷軸(10F)	0	6727
84011	傲慢之塔移動卷軸(RF)	0	6727
84021	封印的傲慢之塔1F傳送符	0	5456
84022	封印的傲慢之塔2F傳送符	0	6700
84023	封印的傲慢之塔3F傳送符	0	6701
84024	封印的傲慢之塔4F傳送符	0	6702
84025	封印的傲慢之塔5F傳送符	0	6703
84026	封印的傲慢之塔6F傳送符	0	6704
84027	封印的傲慢之塔7F傳送符	0	6705
84028	封印的傲慢之塔8F傳送符	0	6706
84029	封印的傲慢之塔9F傳送符	0	6707
84030	封印的傲慢之塔10F傳送符	0	6708
84031	傲慢之塔移動傳送符(16F)	teleport.TOI_TeleportAmulet	5466
84032	傲慢之塔移動傳送符(26F)	teleport.TOI_TeleportAmulet	6710
84033	傲慢之塔移動傳送符(36F)	teleport.TOI_TeleportAmulet	6711
84034	傲慢之塔移動傳送符(46F)	teleport.TOI_TeleportAmulet	6712
84035	傲慢之塔移動傳送符(56F)	teleport.TOI_TeleportAmulet	6713
84036	傲慢之塔移動傳送符(66F)	teleport.TOI_TeleportAmulet	5467
84037	傲慢之塔移動傳送符(76F)	teleport.TOI_TeleportAmulet	6714
84038	傲慢之塔移動傳送符(86F)	teleport.TOI_TeleportAmulet	6715
84039	傲慢之塔移動傳送符(96F)	teleport.TOI_TeleportAmulet	6716
84040	傲慢之塔移動傳送符(6F)	teleport.TOI_TeleportAmulet	6717
84041	傲慢之塔移動傳送符(1F)	teleport.TOI_TeleportAmulet	6742
84042	封印的傲慢之塔傳送符(1F)	0	6743
84043	傲慢之塔支配傳送符(3F)	0	6744
84044	傲慢之塔支配傳送符(4F)	0	6745
84045	傲慢之塔支配傳送符(5F)	0	6746
84046	傲慢之塔支配傳送符(6F)	0	6747
84047	傲慢之塔支配傳送符(7F)	0	6748
84048	傲慢之塔支配傳送符(8F)	0	6749
84049	傲慢之塔支配傳送符(9F)	0	6750
84050	傲慢之塔支配傳送符(10F)	0	6751
84051	混亂的傲慢之塔傳送符(11F)	0	5456
84052	混亂的傲慢之塔傳送符(21F)	0	6700
84053	混亂的傲慢之塔傳送符(31F)	0	6701
84054	混亂的傲慢之塔傳送符(41F)	0	6702
84055	混亂的傲慢之塔傳送符(51F)	0	6703
84056	混亂的傲慢之塔傳送符(61F)	0	6704
84057	混亂的傲慢之塔傳送符(71F)	0	6705
84058	混亂的傲慢之塔傳送符(81F)	0	6706
84059	混亂的傲慢之塔傳送符(91F)	0	6707
84060	混亂的傲慢之塔傳送符(1F)	0	6708
84061	異變的傲慢之塔傳送符(11F)	0	5456
84062	異變的傲慢之塔傳送符(21F)	0	6700
84063	異變的傲慢之塔傳送符(31F)	0	6701
84064	異變的傲慢之塔傳送符(41F)	0	6702
84065	異變的傲慢之塔傳送符(51F)	0	6703
84066	異變的傲慢之塔傳送符(61F)	0	6704
84067	異變的傲慢之塔傳送符(71F)	0	6705
84068	異變的傲慢之塔傳送符(81F)	0	6706
84069	異變的傲慢之塔傳送符(91F)	0	6707
84070	異變的傲慢之塔傳送符(1F)	0	6708
84071	幻象的傲慢之塔移動傳送符	0	6709
84072	純白的萬能藥	0	4110
84073	淋血的繃帶	0	6736
84074	黑豹的皮	0	1180
84075	黑豹的牙	0	1308
84076	烏格奴斯斷掉的矛	0	6729
84077	地靈的黑色米索莉箭	0	6668
84078	水靈的黑色米索莉箭	0	6666
84079	風靈的黑色米索莉箭	0	6672
84080	火靈的黑色米索莉箭	0	6674
84081	待設定	0	6262
84082	待設定	0	6264
84083	待設定	0	6266
84084	待設定	0	6268
84085	待設定	0	6270
85000	封印著妖怪的魂	0	5514
85001	有惡靈寄宿的丸子	0	5516
85002	神聖的丸子 (5分)	0	4189
85003	神聖的丸子 (30分)	0	4679
85004	沙金	0	2439
85005	金條	0	1421
85006	老舊的茶杯	0	1943
85007	巨型骷髏的妖魂	0	5801
85008	異界之箱	0	5899
85009	牛鬼之箱	0	5901
85010	巨型骷髏之箱	0	5897
85011	日輪冠冕寶盒	0	3539
85012	變身卷軸：大名	shop.PolyUserSet 11062 1800	143
85013	變身卷軸：武士	shop.PolyUserSet 11065 1800	143
85014	變身卷軸：姬武者	shop.PolyUserSet 11068 1800	143
85015	變身卷軸：陰陽師	shop.PolyUserSet 10248 1800	143
85016	變身卷軸：忍者	shop.PolyUserSet 10309 1800	143
85017	陣營對決獎勵寶箱	0	7492
86001	奇幻魔珠A	0	2594
86002	奇幻魔珠B	0	2594
86003	羊男的硬幣	0	6833
86004	羊男的寶箱	0	5792
86005	妲蒂斯進化憑證	0	2463
86006	守護進化憑證	0	1042
86007	圓月寶珠	0	4679
86100	未鑑定的命運長靴	0	323
86101	未鑑定的傳奇長靴	0	323
86102	未鑑定的史詩長靴	0	323
86103	未鑑定的女神長靴	0	1247
86104	未鑑定的女神祝福長靴	0	1247
86105	女神祝福卷軸	0	5975
86106	魔法骰子(1點)	extra.ItemUse	1216
86107	魔法骰子(2點)	extra.ItemUse	1216
86108	魔法骰子(3點)	extra.ItemUse	1216
86109	魔法骰子(4點)	extra.ItemUse	1216
86110	魔法骰子(5點)	extra.ItemUse	1216
86111	魔法骰子(6點)	extra.ItemUse	1216
86112	能力倍增藥水	0	3753
86113	血魔倍增藥水	0	3749
86114	戰鬥特化藥水	power.Potion	3750
86115	四屬抗性藥水	0	3751
86116	六耐抗性藥水	0	3752
86117	高級能力倍增藥水	0	3753
86118	高級血魔倍增藥水	0	3749
86119	高級戰鬥特化藥水	power.Potion	3750
86120	高級四屬抗性藥水	0	3751
86121	高級六耐抗性藥水	0	3752
86122	強化藥水組合包	0	4049
86123	高級強化藥水組合包	0	4045
86124	精靈的祝賀禮物(王族Lv.15)	0	2092
86125	精靈的祝賀禮物(王族Lv.30)	0	2092
86126	精靈的祝賀禮物(王族Lv.52)	0	2092
86127	精靈的祝賀禮物(騎士Lv.15)	0	2092
86128	精靈的祝賀禮物(騎士Lv.30)	0	2092
86129	精靈的祝賀禮物(騎士Lv.52)	0	2092
86130	精靈的祝賀禮物(妖精Lv.10)	0	2092
86131	精靈的祝賀禮物(妖精Lv.40)	0	2092
86132	精靈的祝賀禮物(妖精Lv.52)	0	2092
86133	精靈的祝賀禮物(法師Lv.20)	0	2092
86134	精靈的祝賀禮物(法師Lv.25)	0	2092
86135	精靈的祝賀禮物(法師Lv.52)	0	2092
86136	精靈的祝賀禮物(黑暗妖精Lv.15)	0	2092
86137	精靈的祝賀禮物(黑暗妖精Lv.30)	0	2092
86138	精靈的祝賀禮物(黑暗妖精Lv.45)	0	2092
86139	精靈的祝賀禮物(黑暗妖精Lv.52)	0	2092
86140	精靈的祝賀禮物(龍騎士Lv.15)	0	2092
86141	精靈的祝賀禮物(龍騎士Lv.30)	0	2092
86142	精靈的祝賀禮物(龍騎士Lv.52)	0	2092
86143	精靈的祝賀禮物(幻術師Lv.10)	0	2092
86144	精靈的祝賀禮物(幻術師Lv.30)	0	2092
86145	精靈的祝賀禮物(幻術師Lv.52)	0	2092
86146	精靈的祝賀禮物(戰士Lv.15)	0	2092
86147	精靈的祝賀禮物(戰士Lv.30)	0	2092
86148	精靈的祝賀禮物(戰士Lv.45)	0	2092
86149	精靈的祝賀禮物(戰士Lv.52)	0	2092
86150	高級變身卷軸(闇黑死亡騎士)	shop.PolyUserSet 11614 1800	2975
86154	高級變身卷軸(真死亡騎士)	shop.PolyUserSet 12681 1800	2975
86158	稀有變身卷軸(依詩蒂)	shop.PolyUserSet 12286 1800	2974
86159	稀有變身卷軸(喬)	shop.PolyUserSet 12295 1800	2974
86160	稀有變身卷軸(絲莉安)	shop.PolyUserSet 12314 1800	2974
86161	英雄變身卷軸(真英雄)	0	4100
86162	傳說變身卷軸(屠龍者)	shop.PolyUserSet 14491 1800	4102
86163	高級變身卷軸(永久型)	0	3620
86164	稀有變身卷軸(永久型)	0	3620
86165	英雄變身卷軸(永久型)	0	3620
86166	傳說變身卷軸(永久型)	0	3620
86167	特殊變身卷軸	0	4102
86168	特殊變身卷軸(永久型)	0	3620
86181	10%武器魔法水晶(衝暈)	0	3474
86182	10%武器魔法水晶(魔封)	0	3476
86183	10%武器魔法水晶(藥霜)	0	3477
86184	10%武器魔法水晶(污水)	0	3479
86185	10%武器魔法水晶(木乃伊)	0	3480
86186	10%武器魔法水晶(變形)	0	3482
86187	10%武器魔法水晶(吞噬)	0	3483
86188	10%武器魔法水晶(憤怒)	0	3486
86189	100%武器魔法水晶(衝暈)	0	3474
86190	100%武器魔法水晶(魔封)	0	3476
86191	100%武器魔法水晶(藥霜)	0	3477
86192	100%武器魔法水晶(污水)	0	3479
86193	100%武器魔法水晶(木乃伊)	0	3480
86194	100%武器魔法水晶(變形)	0	3482
86195	100%武器魔法水晶(吞噬)	0	3483
86196	100%武器魔法水晶(憤怒)	0	3486
86197	武器附魔石(力量)	0	6963
86198	武器附魔石(敏捷)	0	6963
86199	武器附魔石(智力)	0	6963
86200	手套附魔石(近距離攻擊)	0	6965
86201	手套附魔石(遠距離攻擊)	0	6965
86202	手套附魔石(魔攻)	0	6965
86203	頭盔附魔石(近距離命中)	0	6967
86204	頭盔附魔石(遠距離命中)	0	6967
86205	頭盔附魔石(魔法命中)	0	6967
86206	盔甲附魔石(防禦)	0	6969
86207	盔甲附魔石(抗魔)	0	6969
86208	斗篷附魔石(支撐耐性)	0	6971
86209	斗篷附魔石(昏迷耐性)	0	6971
86210	斗篷附魔石(石化耐性)	0	6971
86211	斗篷附魔石(睡眠耐性)	0	6971
86212	斗篷附魔石(寒冰耐性)	0	6971
86213	斗篷附魔石(暗黑耐性)	0	6971
86214	靴子附魔石(體力)	0	6973
86215	靴子附魔石(魔力)	0	6973
86216	消除武器強化能力卷軸	0	6053
86217	消除盔甲強化能力卷軸	0	6053
86218	武器隨機洗煉卷軸	0	6064
86219	盔甲隨機洗煉卷軸	0	6064
86220	[力量]武器強化卷軸	0	6062
86221	[敏捷]武器強化卷軸	0	6062
86222	[智力]武器強化卷軸	0	6062
86223	[體質]武器強化卷軸	0	6062
86224	[精神]武器強化卷軸	0	6062
86225	[魅力]武器強化卷軸	0	6062
86226	[近距攻擊]武器強化卷軸	0	6062
86227	[遠距攻擊]武器強化卷軸	0	6062
86228	[近距命中]武器強化卷軸	0	6062
86229	[遠距命中]武器強化卷軸	0	6062
86230	[魔攻]武器強化卷軸	0	6062
86231	[pvp攻擊]武器強化卷軸	0	6062
86232	[血量]防具強化卷軸	0	6051
86233	[魔量]防具強化卷軸	0	6051
86234	[回血]防具強化卷軸	0	6051
86235	[回魔]防具強化卷軸	0	6051
86236	[防禦]防具強化卷軸	0	6051
86237	[抗魔]防具強化卷軸	0	6051
86238	[pvp減免]防具強化卷軸	0	6051
86239	能力強化卡(60分)	0	6620
86240	血魔強化卡(60分)	0	6620
86241	攻擊強化卡(60分)	0	6620
86242	防禦強化卡(60分)	0	6620
86243	四屬強化卡(60分)	0	6620
86244	六耐強化卡(60分)	0	6620
86245	經驗強化卡(60分)	0	5648
86246	防噴經驗卡(60分)	0	4910
86247	防噴道具卡(60分)	0	4910
86248	防噴技能卡(60分)	0	4910
86249	潘朵拉的 精靈圖樣	0	5181
86250	潘朵拉的 石化圖樣	0	5179
86251	潘朵拉的 昏迷圖樣	0	5180
86252	潘朵拉的 支撐圖樣	0	5183
86253	潘朵拉的 恢復圖樣	0	5184
86254	潘朵拉的 鋼鐵圖樣	0	5176
86255	潘朵拉的 滅魔圖樣	0	5178
86256	潘朵拉的 體力圖樣	0	5182
86257	潘朵拉的 魔力圖樣	0	5177
140006	創造怪物魔杖	wand.Create_Monster_Magic_Wand	117
140008	變形魔杖	wand.Poly_Magic_Wand	116
140010	治癒藥水	hp.UserAddHp 15 25 189	80
140011	強力治癒藥水	hp.UserAddHp 30 50 194	78
140012	終極治癒藥水	hp.UserAddHp 60 80 197	81
140013	受祝福 自我加速藥水	brave.StatusHaste 350 191	77
140014	受祝福的 勇敢藥水	brave.StatusBrave 350 751	79
140015	加速魔力回復藥水	mp.UserMprBlue 600 190	75
140016	慎重藥水	brave.StatusWisdomPotion	1529
140018	受祝福 強化 自我加速藥水	brave.StatusHaste 2100 191	621
140061	檸檬	food 1	63
140062	香蕉	food 1	127
140065	情人禮物(糖果)	food 1	936
140068	精靈餅乾	brave.StatusElfBrave 700 751	130
140069	橘子	food 1	71
140072	烤薄餅	food 1	125
140074	[受祝福]對盔甲施法的卷軸	reel.ScrollEnchantArmor	467
140087	[受祝福]對武器施法的卷軸	reel.ScrollEnchantWeapon	468
140088	變形卷軸	0	472
140089	復活卷軸	Scroll_Resurrection	471
140100	[受祝福]瞬間移動卷軸	teleport.Scroll_Move	473
140119	解除咀咒的卷軸	Scroll_CurseRemoval	470
140329	受祝福 原住民圖騰	Scroll_CurseRemoval	1763
140506	安特的水果	hp.UserAddHp 35 55 197	126
180100	卡立普最高級袋子(高品質 鑽石)	0	958
180101	卡立普最高級袋子(高品質 綠寶石)	0	958
180102	卡立普最高級袋子(高品質 紅寶石)	0	958
180103	卡立普最高級袋子(高品質 藍寶石)	0	958
240010	治癒藥水	hp.UserAddHp 5 15 189	80
240074	[受詛咒]對盔甲施法的卷軸	reel.ScrollEnchantArmor	467
240087	[受詛咒]對武器施法的卷軸	reel.ScrollEnchantWeapon	468
240100	[受詛咒]瞬間移動卷軸	teleport.Scroll_Move	473
70717	魔法卷軸 (覺醒：法利昂)	0	863
70718	魔法卷軸 (致命身軀)	0	863
70719	魔法卷軸 (奪命之雷)	0	863
240102	任務區傳送符石	teleport.SOR_UserSet true	2979
240103	快速操作功能	0	4042
240104	經驗藥水20%	power.Potion	3745
240105	經驗藥水50%	power.Potion	3745
240106	經驗藥水100%	power.Potion	3745
240107	經驗藥水150%	power.Potion	3745
240108	150%神力藥水	power.Potion	2643
240109	200%神力藥水	power.Potion	2643
240110	250%神力藥水	power.Potion	2643
240111	地監重置卷軸(奇岩/古魯丁)	0	2067
240112	地監重置卷軸(象牙塔)	0	2068
240113	地監重置卷軸(拉斯塔巴德)	0	2069
240114	地監重置卷軸(龍之谷)	0	2070
240115	攻擊擴充藥水	0	5764
240116	減免擴充藥水	0	5766
240117	HP擴充藥水	0	3295
240118	MP擴充藥水	0	3065
240120	究極T恤禮盒	0	3788
240121	潘朵拉璀璨原石	0	2867
240122	潘朵拉璀璨袋子	0	957
240123	耀武神兵強化卷軸	0	3852
240124	耀武神兵寶箱	0	4069
240125	A憑證	0	2553
240126	B憑證	0	2553
240127	樂豆點數	0	1864
240128	沁涼寶箱滿額禮卷	0	138
240129	狂戰臂甲滿額禮卷	0	138
240130	沁涼寶箱	0	3668
240131	兌換憑證	0	1863
240132	特殊斗篷箱子	0	3788
240133	脛甲碎片	0	1428
240134	鋼鐵脛甲製造圖	0	465
240135	力量脛甲製造圖	0	465
240136	敏捷脛甲製造圖	0	465
240137	智力脛甲製造圖	0	465
240138	精神脛甲製造圖	0	465
240139	抗魔法脛甲製造圖	0	465
240140	屬性長靴箱子	0	3788
240141	雪花碎片	0	2183
240183	麥斯特金幣	0	976
240184	麥斯特的紅光耳環優惠組 	0	3942
240185	麥斯特的藍光耳環優惠組	0	3942
240186	麥斯特的紫光耳環優惠組	0	3942
240197	製作憑證	0	4794
240198	破碎的願望	0	1148
240199	古代人的願望	0	3723
240200	傲慢水晶	0	1034
240201	慾望水晶	0	1033
240202	貪婪水晶	0	1006
240203	隱龍之鑰(銀)	0	3561
240204	隱龍之鑰(金)	0	3560
240205	龍耀寶箱(上鎖)	0	5701
240206	龍耀銀寶箱(開鎖)	0	5901
240207	龍耀金寶箱(開鎖)	0	5897
240208	超能回收憑證	0	7341
240209	魔力碎片	0	2867
240210	時空之甕	0	2592
70649	魔法卷軸 (行走加速)	0	863
70650	魔法卷軸 (燃燒鬥志)	0	863
70651	魔法卷軸 (暗黑盲咒)	0	863
240213	火焰的碎片	0	2291
240214	娃娃回收憑證	0	4794
240215	阿魯巴的禮物	0	3913
240217	噹噹噹淨化石	0	7698
240218	[偽]西遊記魔法娃娃箱	0	6944
240219	[真]西遊記魔法娃娃箱	0	7518
240220	西遊召喚經書	0	2502
240221	舊娃娃回收憑證	0	910
240234	地監重置卷軸(奇岩/古魯丁)	0	2067
240235	地監重置卷軸(象牙塔)	0	2068
240236	地監重置卷軸(拉斯塔巴德)	0	2069
240237	地監重置卷軸(龍之谷)	0	2070
240238	祭司娃娃成長藥劑	0	4110
240239	頂級祭司娃娃成長藥劑	0	4110
240241	粉絲讚聲禮盒	0	2898
240242	臉書推廣禮盒	0	2898
240243	拉瘋石1個箱子	0	3286
240244	拉瘋石2個箱子	0	3286
240245	拉瘋石5個箱子	0	3286
240246	拉瘋石	0	2141
240247	永恆之心	0	1015
240248	死亡騎士毀滅脛甲箱子	0	6769
240249	死亡騎士神速脛甲箱子	0	6769
240250	死亡騎士萬魔脛甲箱子	0	6769
240251	待設定	0	467
240252	待設定	0	467
240253	待設定	0	467
240254	待設定	0	5981
240255	待設定	0	3002
240256	真．死亡騎士之心	WATER1	2189
240257	待設定	0	1863
240258	待設定	0	1863
240259	待設定	0	1863
240260	待設定	0	1863
40067	艾草年糕	mp.UserAddMp 10 25 190	1158
240262	艾草年糕	mp.UserAddMp 10 25 190	1158
240263	經驗護符100%(60分)	0	3069
240264	經驗護符100%(60分)	0	3069
240265	Lv.50獎勵禮盒	0	6117
240266	Lv.55獎勵禮盒	0	6117
240267	Lv.60獎勵禮盒	0	6117
240268	Lv.65獎勵禮盒	0	6117
240269	Lv.70獎勵禮盒	0	6117
240270	Lv.75獎勵禮盒	0	6117
240271	Lv.80獎勵禮盒	0	6117
240272	Lv.85獎勵禮盒	0	6117
240273	Lv.90獎勵禮盒	0	6117
240274	待設定	0	1479
240275	待設定	0	1015
240276	待設定	0	706
240277	驚喜釣魚包	0	3638
240278	開服紅包袋	0	604
240279	城戰霸王金寶箱	0	4033
240280	初級包月優惠禮盒	0	3968
240281	中級包月優惠禮盒	0	3969
240282	高級包月優惠禮盒	0	4045
240283	待設定	0	1323
240284	待設定	0	1323
240285	待設定	0	1323
240304	GM傳送符	teleport.SOR_UserSet true	2980
240305	暴風疾走	wand.Storm_Walk	828
240306	村姑造型卡	extra.ItemUse	1345
70641	魔法卷軸 (增幅防禦)	0	863
70640	魔法卷軸 (衝擊之暈)	0	863
70639	魔法卷軸 (冰雪颶風)	0	863
70638	魔法卷軸 (靈魂昇華)	0	863
70637	魔法卷軸 (絕對屏障)	0	863
70636	魔法卷軸 (究極光裂術)	0	863
70635	魔法卷軸 (集體緩速術)	0	863
70634	魔法卷軸 (終極返生術)	0	863
44166	技能保護羽毛	0	2518
240329	待設定	0	4794
240330	待設定	0	4794
240331	待設定	0	4794
240332	待設定	0	4794
240333	待設定	0	4794
240334	待設定	0	4794
240335	待設定	0	4794
240336	待設定	0	4794
240337	待設定	0	4794
240392	古代人的煉金術卷軸	0	1690
240393	古代人的咒術卷軸	0	1693
240394	[受祝福]古代人的煉金術卷軸	0	1690
240395	[受祝福]古代人的咒術卷軸	0	1693
240396	待設定	0	7351
240397	待設定	0	7330
240398	待設定	0	7347
240399	待設定	0	7269
240400	待設定	0	7273
240401	待設定	0	7271
240402	待設定	0	7267
240403	待設定	0	7275
240404	待設定	0	7341
240405	待設定	0	7346
240406	待設定	0	7348
240407	待設定	0	7335
240408	待設定	0	7344
240409	待設定	0	7328
240410	待設定	0	7336
240411	待設定	0	7342
41762	記憶水晶	extra.ItemMemory 1	5195
240964	隱藏的箱子鑰匙	0	3560
240965	隱藏的房間鑰匙	0	3560
240966	隱藏的房間鑰匙袋子	0	1643
240967	屍魂幣	0	3267
240968	屍魂碎片1	0	6539
240969	屍魂碎片2	0	6540
240970	屍魂碎片3	0	6541
240971	屍魂碎片4	0	6542
240972	屍魂碎片5	0	6543
240973	屍魂對武器施法的卷軸	0	1691
240974	屍魂對盔甲施法的卷軸	0	1694
240975	邪念劑的薪資	0	2270
240976	絕望的袋子	0	3263
240977	下層雷擊爆彈	0	6123
240978	下層旋風爆彈	0	6121
240979	下層戰鬥強化卷軸	0	6062
240980	下層防禦強化卷軸	0	6062
240981	下層治癒藥水	hp.UserAddHp 10 20 189	2238
240982	下層強力治癒藥水	hp.UserAddHp 60 80 197	2236
240983	下層魔力藥水	mp.UserAddMp 1 500 190	2604
240984	藍色屍魂水晶	0	6246
240985	封印的屍魂水晶	0	6243
240986	Tam幣	0	6192
240987	惡靈種子	0	1150
240988	夢幻的礦石	0	2476
240989	夢幻的箱子(印章)	0	3668
240990	中央寺院秘密鑰匙	0	2442
240991	中央寺院黃金箱子	0	6117
240992	魔法魔杖(火風暴)	0	6123
240993	魔法魔杖(淨化)	0	6121
240994	羽化的 濃縮終極體力恢復劑	hp.UserAddHp 60 80 197	536
240995	羽化的 勇敢藥水	brave.StatusBrave 300 751	79
240996	羽化的 精靈餅乾	brave.StatusElfBrave 480 751	130
240997	羽化的 惡魔之血	brave.StatusBrave 600 751	1761
240998	羽化的 強化綠色藥水	brave.StatusHaste 1800 191	621
240999	羽化的 兔子的肝	hp.UserAddHp 400 700 189	904
241000	成長的珠子碎片 : 夢幻之島	0	2090
241101	成長的珠子 : 夢幻之島	0	2091
241102	工匠的傳家之寶	0	3668
241103	工匠的秘笈	0	3160
241104	工匠的對武器施法的卷軸碎片	0	2018
241105	工匠的對武器施法的卷軸(+9適用)	0	5761
241106	名人的對武器施法的卷軸(+10適用)	0	5761
241107	達人的對武器施法的卷軸(+11適用)	0	5761
241108	工匠的精靈寶石	0	6971
241109	工匠的技術寶石	0	6965
241110	工匠的恢復寶石	0	6973
241111	工匠的鋼鐵寶石	0	6967
241112	工匠的體力寶石	0	6969
241113	工匠的魔力寶石	0	6963
241114	封印的工匠之魂	0	3928
241115	工匠之魂	0	3926
56084	黑暗精靈水晶(破壞盔甲)	0	4244
81503	魔法書(勇者聯盟)	0	252
81504	\aE精靈水晶(魔力護盾)	0	687
81505	\aE龍騎士的書板(撕裂護甲)	0	7514
81506	\aE記憶水晶(衝突強化)	0	7512
81508	\aE黑暗精靈水晶(暗殺者)	0	4244
81509	\aE黑暗精靈水晶(熾烈鬥志)	0	4244
81510	\aE魔法書(治癒逆行)	0	4266
81511	\aE技術書(絕禦之刃)	0	4225
81512	魔法書(王者霸氣)	0	252
70653	魔法卷軸 (雙重破壞)	0	863
70652	魔法卷軸 (毒性抵抗)	0	863
56016	待設定	0	2509
56017	待設定	0	2509
56018	待設定	0	2509
56019	待設定	0	2509
56020	待設定	0	2509
56021	待設定	0	7351
56022	待設定	0	7351
56023	待設定	0	7351
56024	待設定	0	7351
56025	待設定	0	7351
56026	待設定	0	7350
56027	待設定	0	7350
56028	待設定	0	7350
56029	待設定	0	7350
56030	待設定	0	7350
56031	待設定	0	7082
56032	待設定	0	7082
56033	待設定	0	7082
56034	待設定	0	7082
56035	待設定	0	7082
56036	待設定	0	7076
56037	待設定	0	7076
56038	待設定	0	7076
56039	待設定	0	7076
56040	待設定	0	7076
56041	待設定	0	2509
56046	待設定	0	2509
56047	待設定	0	2509
56057	待設定	0	2994
56058	待設定	0	2994
56059	待設定	0	2994
56060	待設定	0	2994
56061	待設定	0	2994
56062	待設定	0	2994
56063	待設定	0	2994
56064	待設定	0	2994
56065	待設定	0	2994
56066	待設定	0	2994
56067	待設定	0	2994
59158	戒指擴充水晶	0	3276
59179	召喚傭兵魔石(九尾狐)	0	3002
140002	\aH稀有度強化卷軸	0	475
140003	支配者枷鎖的鑰匙	0	138
140004	隱藏的傲慢之塔移動卷軸	0	6718
140005	支配者之塔移動卷軸	0	6718
181000	輔助程式卷	0	7917
181001	LOhu輔助程式卷	0	6987
181002	輔助程式禮盒	0	4069
181003	LOhu輔助程式禮盒	0	4069
80001	漢的袋子	0	1417
241200	修練者的治癒藥水	hp.UserAddHp 10 20 189	80
241201	修練者加速魔力回復藥水	mp.UserMprBlue 600 190	75
241202	修練者的解毒藥水	Disintoxicat_Potion	76
241203	修練者的自我加速藥水	brave.StatusHaste 300 191 127	621
241204	修練者的薄荷	food 1	513
241205	修練者瞬間移動卷軸	teleport.Scroll_Move	473
241206	修練者解除咀咒的卷軸	Scroll_CurseRemoval	470
241207	修練者鑑定卷軸	Appraisal_Reel	475
241208	修練者的磨刀石	Hone	478
241209	修練者的名譽貨幣	brave.StatusBrave 600 6342	1480
241210	修練者的箭	0	7
241211	修練者的巧克力蛋糕	brave.StatusBraveCake 1027	2901
241212	修練者的變形卷軸	sosc.Sosc_Polyitem 1800	472
80002	冷冽的氣息	0	3276
80003	火神之淚	0	5214
80004	次元的碎片	0	6868
80005	底比斯箱子	0	7078
80006	老舊底比斯箱子	0	7075
80007	水珠	0	7076
80008	傳送珠	0	7080
80009	回復珠	0	7082
70646	魔法卷軸 (附加劇毒)	0	863
70645	魔法卷軸 (暗隱術)	0	863
70644	魔法卷軸 (反擊屏障)	0	863
41758	記憶水晶的箱子	0	2267
41761	凱莉紗的記憶水晶	0	5194
70643	魔法卷軸 (堅固防護)	0	863
41759	微小的 記憶水晶	extra.ItemMemory 1	5196
41760	神秘的 記憶水晶	extra.ItemMemory 1	5197
70642	魔法卷軸 (尖刺盔甲)	0	863
80410	待設定	0	5571
80411	待設定	0	5572
80412	待設定	0	5572
80413	待設定	0	922
80414	待設定	0	923
80415	待設定	0	924
80416	待設定	0	925
80417	待設定	0	2440
80418	待設定	0	2443
80419	待設定	0	2431
241213	奇岩村莊傳送符	teleport.SOR_UserSet true	5118
241214	魔法娃娃：火焰之子箱子	0	2473
70170	角色素質卡	Pc_Informaion	5390
47103	測速石(攻)	0	1936
47104	測速石(走)	0	545
47105	二十刀	0	545
47106	一百刀	0	545
47107	移動NPC魔杖	wand.Npc_MoveLoc_Wand	116
47108	刪除NPC魔杖	wand.Npc_Delete_Wand	118
44215	聖誕香蕉蛋糕塊	power.Potion	3782
44216	香蕉蛋糕	power.Potion	5540
44217	聖誕櫻桃蛋糕塊	power.Potion	3810
44218	櫻桃蛋糕	power.Potion	5544
44219	聖誕草莓蛋糕塊	power.Potion	3780
44220	草莓蛋糕	power.Potion	5538
47109	歸零NPC魔杖	0	118
42112	GM專用道具箱1號	0	3913
42113	GM專用道具箱2號	0	3913
140507	安塔瑞斯的骸骨精華	0	1060
140508	法利昂的骸骨精華	0	1063
140509	巴拉卡斯的骸骨精華	0	1058
140510	林德拜爾的骸骨精華	0	1059
240412	待設定	0	8062
71478	飾品碎片	0	2460
81029	靈魂石：巴風特	0	5103
81028	靈魂石：邪惡的鐮刀死神	0	5103
81027	靈魂石：不滅的巫妖	0	5103
81026	靈魂石：闇黑的騎士范德	0	5103
81025	靈魂石：殘忍的艾莉絲	0	5103
81024	靈魂石：不死的木乃伊王	0	5103
81023	靈魂石：地獄的黑豹	0	5103
71477	25小時 能量石	0	4108
71476	10小時 能量石	0	4106
71475	5小時 能量石	0	4104
71474	1小時 能量石	0	4094
71473	防具碎片	0	2462
71472	武器碎片	0	2460
240413	淬鍊的袋子	0	2092
241216	對武器神煉的卷軸	0	5761
241217	對防具神煉的卷軸	0	5758
56286	初級武器保護卷軸	0	3072
56287	中級武器保護卷軸	0	3072
56288	高級武器保護卷軸	0	3072
241219	傲慢之塔移動傳送符(RF)	0	6225
241220	傲慢之塔支配傳送符(RF)	0	6225
241218	封印的傲慢之塔RF傳送符	0	6225
70088	追蹤BOSS卷軸	teleport.Scroll_TrackBoss 0 1	1814
71481	歐林的日記(上)	0	4198
71482	歐林的日記(下)	0	4198
241221	幻生寶石	0	8206
600016	莫波的箱子：果汁300個	0	3902
600017	莫波的箱子：果液100個	0	3902
600018	莫波的箱子：果液200個	0	3902
600019	莫波的箱子：果液300個	0	3902
600020	時光沙漏：2小時	choice.TimeHourglass 	3903
600021	時光沙漏：4小時	choice.TimeHourglass 	3903
600022	侏儒葡萄果汁	0	3904
600023	侏儒葡萄果液	0	3905
600024	寒冰的 涼鞋原石	0	5192
600025	寒冰的 禮服絲料	0	5190
242315	傳送卷軸寶箱	0	3913
600026	寒冰的 頭飾原石	0	5191
600027	木箱	0	0
49150	夏納的變身卷軸(等級40)	sosc.Sharna 6832	2975
49151	夏納的變身卷軸(等級52)	sosc.Sharna 6842	2975
49152	夏納的變身卷軸(等級55)	sosc.Sharna 6852	2975
49153	夏納的變身卷軸(等級60)	sosc.Sharna 6862	2975
49154	夏納的變身卷軸(等級65)	sosc.Sharna 6872	2975
49155	夏納的變身卷軸(等級70)	sosc.Sharna 6882	2975
70089	娃娃卡片	0	464
241222	幻生寶石袋子	0	8204
241223	神聖項鍊碎片	0	8191
70658	魔法卷軸 (敏捷提升)	0	863
70659	魔法卷軸 (迴避提升)	0	863
70660	魔法卷軸 (破壞盔甲)	0	863
70661	魔法卷軸 (精準目標)	0	863
70662	魔法卷軸 (灼熱武器)	0	863
70663	魔法卷軸 (閃亮之盾)	0	863
70664	魔法卷軸 (呼喚盟友)	0	863
70665	魔法卷軸 (勇猛意志)	0	863
70666	魔法卷軸 (援護盟友)	0	863
70667	魔法卷軸 (王者霸氣)	0	863
46008	修練者的牛排	power.Potion	4955
46009	修練者的煎鮭魚	power.Potion	4956
46010	修練者的火雞	power.Potion	4944
46011	修練者的養生的雞湯	power.Potion	4978
600014	莫波的箱子：果汁100個	0	3902
600015	莫波的箱子：果汁200個	0	3902
47037	雷電魔杖	wand.Lightning_Magic_Wand	1491
70720	魔法卷軸 (驚悚死神)	0	863
70721	魔法卷軸 (暴龍之眼)	0	863
70722	魔法卷軸 (覺醒：巴拉卡斯)	0	863
70723	魔法卷軸 (鏡像)	0	863
70724	魔法卷軸 (混亂)	0	863
70725	魔法卷軸 (粉碎能量)	0	863
70726	魔法卷軸 (幻覺：歐吉)	0	863
70727	魔法卷軸 (立方：燃燒)	0	863
70728	魔法卷軸 (專注)	0	863
70729	魔法卷軸 (心靈破壞)	0	863
70730	魔法卷軸 (骷髏毀壞)	0	863
70731	魔法卷軸 (幻覺：巫妖)	0	863
70732	魔法卷軸 (立方：地裂)	0	863
70733	魔法卷軸 (耐力)	0	863
70734	魔法卷軸 (幻想)	0	863
70735	魔法卷軸 (隱身破壞者)	0	863
70736	魔法卷軸 (幻覺：鑽石高崙)	0	863
70737	魔法卷軸 (立方：衝擊)	0	863
70738	魔法卷軸 (洞察)	0	863
70739	魔法卷軸 (恐慌)	0	863
70740	魔法卷軸 (疼痛的歡愉)	0	863
70741	魔法卷軸 (幻覺：化身)	0	863
70742	魔法卷軸 (立方：和諧)	0	863
242230	地獄赤鬼的秘藥	0	1761
242231	巨型骷髏的晶魄	extra.ItemUse	5801
70647	魔法卷軸 (影之防護)	0	863
49000	待設定	0	3863
41800	神秘岩石的移動卷軸	teleport.SOR_UserSet false	474
42114	待設定	0	0
42115	待設定	0	0
42116	待設定	0	0
42117	待設定	0	0
42118	待設定	0	0
42119	待設定	0	0
42120	待設定	0	0
42121	待設定	0	0
42122	待設定	0	0
42123	待設定	0	0
42124	待設定	0	0
42125	待設定	0	0
42126	待設定	0	0
42127	待設定	0	0
42128	待設定	0	0
42129	待設定	0	0
42130	增加經驗值道具	extra.ItemUse	0
181004	測試物資包	0	3913
242304	王族全技能包	0	3913
242305	騎士全技能包	0	3913
242306	妖精[共通]全技能包	0	3913
242307	[地]妖全技能包	0	3913
242308	[水]妖全技能包	0	3913
242309	[火]妖全技能包	0	3913
242310	[風]妖全技能包	0	3913
242311	法師全技能包	0	3913
242312	黑妖全技能包	0	3913
242313	龍騎全技能包	0	3913
242314	幻術全技能包	0	3913
472548	精靈水晶(生命呼喚)	0	688
47102	變速水晶(攻擊減速)	0	1174
47101	變速水晶(攻擊加速)	0	1174
47100	變速水晶(移動減速)	0	1174
47099	變速水晶(移動加速)	0	1174
70090	追蹤BOSS卷軸	teleport.Scroll_TrackBoss 0 1	1814
242317	全匕首寶箱	0	3913
242318	全單手劍寶箱	0	3913
242319	全雙手劍寶箱	0	3913
242320	全弓箭寶箱	0	3913
242321	全魔杖寶箱	0	3913
242322	全雙刀寶箱	0	3913
242323	全鋼爪寶箱	0	3913
242324	全鎖鏈劍寶箱	0	3913
242325	全奇古獸寶箱	0	3913
242326	全斧頭寶箱	0	3913
242327	全槍矛寶箱	0	3913
242328	全鐵手甲寶箱	0	3913
242329	全頭飾寶箱	0	3913
242330	全內衣寶箱	0	3913
242331	全盔甲寶箱	0	3913
242332	全斗篷寶箱	0	3913
242333	全手套寶箱	0	3913
242334	全盾牌寶箱	0	3913
242335	全臂甲寶箱	0	3913
242336	全脛甲寶箱	0	3913
242337	全長靴寶箱	0	3913
242338	全耳環寶箱	0	3913
242339	全項鍊寶箱	0	3913
242340	全腰帶寶箱	0	3913
242341	全戒指寶箱	0	3913
242342	全符石寶箱	0	3913
242343	全遺物寶箱	0	3913
242344	全締約寶箱	0	3913
242345	全紋樣寶箱	0	3913
242346	全魔具寶箱	0	3913
500090	變身卷軸：村姑	shop.PolyUserSet 1080 1800	472
472549	寶石粉	Firework	2456
47110	控制假人魔杖	0	116
47111	七十刀	0	545
70600	魔法卷軸 (造屍術)	0	863
70701	魔法卷軸 (體能激發)	0	863
70702	魔法卷軸 (水之元氣)	0	863
500552	整理背包	TidyItems	1869
40767	寵物素質卡	Pet_Information	5390
242347	全匕首寶箱+0	0	3913
242348	全單手劍寶箱+0	0	3913
242349	全雙手劍寶箱+0	0	3913
242350	全弓箭寶箱+0	0	3913
242351	全魔杖寶箱+0	0	3913
242352	全雙刀寶箱+0	0	3913
242353	全鋼爪寶箱+0	0	3913
242354	全鎖鏈劍寶箱+0	0	3913
242355	全奇古獸寶箱+0	0	3913
242356	全斧頭寶箱+0	0	3913
242357	全槍矛寶箱+0	0	3913
242358	GM測試物資箱	0	3913
472554	倫提斯耳環強化卷軸	0	3852
472555	星月飾品魔法卷軸	0	3852
472556	耳環強化卷軸	0	3852
242359	中階裝備測試物資箱	0	3913
70703	魔法卷軸 (屬性之火)	0	863
70704	魔法卷軸 (污濁之水)	0	863
242362	2階魔法娃娃袋子	0	3263
242363	3階魔法娃娃袋子	0	3263
242364	4階魔法娃娃袋子	0	3263
242365	5階魔法娃娃袋子	0	3263
242408	失去魔力的符石(70等)	0	4779
242452	古魯丁村莊傳送符	teleport.SOR_UserSet true	1036
242445	羽化的 巧克力蛋糕	brave.StatusBraveCake 1027	2901
242430	[受祝福]對盔甲施法的卷軸	reel.ScrollEnchantArmor	467
242423	淬鍊的武器原石	0	11936
242424	淬鍊的防具原石	0	11937
242425	淬鍊的飾品原石	0	11938
242426	魔法卷軸 (魔法屏障)	0	6033
84086	待設定	0	9749
49149	夏納的變身卷軸(等級30)	sosc.Sharna 6822	2975
71479	配件碎片	0	2460
242429	淬鍊的配件原石	0	11939
242431	[受祝福]對武器施法的卷軸	reel.ScrollEnchantWeapon	468
242432	強化能力T恤禮盒	0	4069
242433	締約晶鑽	0	11957
242443	神說詠讚勳章	0	11968
242444	羽化的 巧克力蛋糕	brave.StatusBraveCake 1027	2901
242446	羽化的 兔子的肝	hp.UserAddHp 400 700 189	904
242447	羽化的 艾草年糕	mp.UserAddMp 10 25 190	1158
242448	羽化的 艾草年糕	mp.UserAddMp 10 25 190	1158
242450	城盟榮譽貨幣	0	9749
242451	城盟榮譽寶箱	0	11980
47007	體力增強卷軸	power.Potion	863
47008	魔力增強卷軸	power.Potion	863
242457	古代終極體力恢復劑	hp.UserAddHp 48 54 197	1163
600013	配送密密召喚笛：果液300個	Fedex_Mimic_Flute 8479 600019 8473	2442
600012	配送密密召喚笛：果液200個	Fedex_Mimic_Flute 8479 600018 8473	2442
600011	配送密密召喚笛：果液100個	Fedex_Mimic_Flute 8479 600017 8473	2442
600010	配送密密召喚笛：果汁300個	Fedex_Mimic_Flute 8479 600016 8473	2442
600009	配送密密召喚笛：果汁200個	Fedex_Mimic_Flute 8479 600015 8473	2442
600008	配送密密召喚笛：果汁100個	Fedex_Mimic_Flute 8479 600014 8473	2442
70670	魔法卷軸 (心靈轉換)	0	863
242483	巧克力蛋糕	brave.StatusBraveCake 1027	2901
242484	濃縮體力恢復劑	hp.UserAddHp 10 20 189	535
242485	濃縮強力體力恢復劑	hp.UserAddHp 30 50 194	532
242486	濃縮終極體力恢復劑	hp.UserAddHp 60 80 197	536
242487	古代體力恢復劑	hp.UserAddHp 10 16 189	1161
242488	古代強力體力恢復劑	hp.UserAddHp 16 48 194	1162
242489	羽化的 濃縮體力恢復劑	hp.UserAddHp 10 20 189	535
242490	羽化的 濃縮強力體力恢復劑	hp.UserAddHp 30 50 194	532
242491	羽化的 古代體力恢復劑	hp.UserAddHp 10 16 189	1161
242492	羽化的 古代強力體力恢復劑	hp.UserAddHp 16 48 194	1162
242493	羽化的 古代終極體力恢復劑	hp.UserAddHp 48 54 197	1163
242494	魔王金幣袋子(S級)	0	4936
242495	魔王金幣袋子(A級)	0	4936
242496	魔王金幣袋子(B級)	0	4936
242497	魔王金幣袋子(C級)	0	4936
242498	魔王金幣袋子(D級)	0	4936
472600	影魔造型卡	extra.ItemUse	1345
242501	晶鑽市場交易中心傳送符	teleport.SOR_UserSet true	1036
242500	封印的日輪印記(體力+80)	0	5567
242502	封印的日輪印記(體力+20)	0	5567
242503	封印的日輪印記(魔力+80)	0	5567
242504	封印的日輪印記(魔力+20)	0	5567
242505	封印的日輪印記(近距離攻擊+3)	0	5567
242506	封印的日輪印記(遠距離攻擊+3)	0	5567
242507	封印的日輪印記(攻擊成功+5)	0	5567
242508	封印的日輪印記(攻擊成功+2)	0	5567
242509	封印的日輪印記(力量+2)	0	5567
242510	封印的日輪印記(敏捷+2)	0	5567
242511	封印的日輪印記(體質+2)	0	5567
242512	封印的日輪印記(智力+2)	0	5567
242513	封印的日輪印記(精神+2)	0	5567
242514	封印的日輪印記(負重增加)	0	5567
242515	封印的日輪印記(減免+3)	0	5567
242516	封印的日輪印記(體力回復+5)	0	5567
242517	封印的日輪印記(魔力回復+5)	0	5567
242518	封印的日輪印記(魔法攻擊+2)	0	5567
242519	封印的日輪印記(防禦-10)	0	5567
242520	封印的日輪印記(防禦-3)	0	5567
242521	封印的日輪印記(魔法防禦+10%)	0	5567
242522	封印的日輪印記(四屬性防禦+5)	0	5567
600007	莫波的契約書：果液300個	0	2419
600006	莫波的契約書：果液200個	0	2419
60457	未記載的[神諭]變身卡(一日)	0	3448
60458	未記載的[神諭]變身卡(三日)	0	3448
60459	未記載的[聖殿]變身卡(一日)	0	3448
60460	未記載的[聖殿]變身卡(三日)	0	3448
70705	魔法卷軸 (精準射擊)	0	863
70706	魔法卷軸 (烈焰之魂)	0	863
70707	魔法卷軸 (能量激發)	0	863
70708	魔法卷軸 (龍之護鎧)	0	863
70709	魔法卷軸 (燃燒擊砍)	0	863
70710	魔法卷軸 (護衛毀滅)	0	863
70711	魔法卷軸 (岩漿噴吐)	0	863
70712	魔法卷軸 (覺醒：安塔瑞斯)	0	863
70713	魔法卷軸 (血之渴望)	0	863
70714	魔法卷軸 (屠宰者)	0	863
70715	魔法卷軸 (恐懼無助)	0	863
70716	魔法卷軸 (岩漿之箭)	0	863
60470	麥斯特耳環飾品箱	0	3942
500541	媽祖保佑卡	0	3558
500542	經驗仙丹(3%)	extra.ItemUse	12035
500543	經驗仙丹(5%)	extra.ItemUse	12035
500544	無限磨刀石	InfinityHone 40308 350	478
600028	贖罪聖書	0	3138
49299	福利傳送卷軸：海音	0	469
49300	福利傳送卷軸：歐瑞	0	469
600005	莫波的契約書：果液100個	0	2419
600002	莫波的契約書：果汁100個	0	2419
600003	莫波的契約書：果汁200個	0	2419
600004	莫波的契約書：果汁300個	0	2419
500551	解人物錯位卷軸	teleport.Scroll_UnlockLoc	1869
472557	羽化的 魔法卷軸 (魔法屏障)	0	6033
61000	密碼修改卷軸	shop.ResetPassword	205
70654	魔法卷軸 (暗影閃避)	0	863
70657	魔法卷軸 (力量提升)	0	863
70656	魔法卷軸 (會心一擊)	0	863
70655	魔法卷軸 (暗影之牙)	0	863
70669	魔法卷軸 (魔法防禦)	0	863
70668	魔法卷軸 (勇者聯盟)	0	863
60527	灑道具魔杖	0	116
70684	魔法卷軸 (地面障礙)	0	863
70648	魔法卷軸 (提煉魔石)	0	863
70687	魔法卷軸 (舞躍之火)	0	863
70686	魔法卷軸 (召喚強力屬性精靈)	0	863
70680	魔法卷軸 (火焰武器)	0	863
70681	魔法卷軸 (風之神射)	0	863
70682	魔法卷軸 (風之疾走)	0	863
70683	魔法卷軸 (大地防護)	0	863
40104	傲慢之塔移動卷軸(11F)	teleport.SOR_UserSet	1035
40105	傲慢之塔移動卷軸(21F)	teleport.SOR_UserSet	1035
40106	傲慢之塔移動卷軸(31F)	teleport.SOR_UserSet	1035
40107	傲慢之塔移動卷軸(41F)	teleport.SOR_UserSet	1035
40108	傲慢之塔移動卷軸(51F)	teleport.SOR_UserSet	1035
40109	傲慢之塔移動卷軸(61F)	teleport.SOR_UserSet	1035
40110	傲慢之塔移動卷軸(71F)	teleport.SOR_UserSet	1035
40111	傲慢之塔移動卷軸(81F)	teleport.SOR_UserSet	1035
40112	傲慢之塔移動卷軸(91F)	teleport.SOR_UserSet	1035
40113	傲慢之塔移動卷軸(100F)	teleport.SOR_UserSet	1035
600000	封印的 寒冰鎖鏈劍	0	5123
600001	封印的 寒冰奇古獸	0	5125
49268	愛瑪伊的畫像	hp.UserAddHp 10 30 189	2440
49276	伊森之心	0	2439
49277	萊斯塔的戒指	0	1028
41704	哈汀日記：11月10日	extra.ItemUse	1760
41705	哈汀日記：6月2日	extra.ItemUse	1760
41706	哈汀日記：8月9日	extra.ItemUse	1760
41707	哈汀日記：10月12日	extra.ItemUse	1760
41708	哈汀日記：2月24日	extra.ItemUse	1760
41709	哈汀日記：2月25日	extra.ItemUse	1760
41710	哈汀日記：5月5日	extra.ItemUse	1760
41711	哈汀日記：1月1日	extra.ItemUse	1760
41712	哈汀日記：6月9日	extra.ItemUse	1760
41713	哈汀日記：8月19日	extra.ItemUse	1760
41714	黑暗哈汀的日記本	extra.ItemUse	2498
49289	海的秘密	0	3689
49290	海的秘密	0	3689
49291	海的秘密	0	3689
49292	福利傳送卷軸：說話之島	0	469
49293	福利傳送卷軸：古魯丁	0	469
49294	福利傳送卷軸：肯特	0	469
49295	福利傳送卷軸：風木	0	469
49296	福利傳送卷軸：燃柳	0	469
49297	福利傳送卷軸：銀騎士	0	469
242550	龍騎士書板(覺醒：林德拜爾)	0	3037
242551	龍騎士書板(雷霆：勇猛)	0	3037
242552	龍騎士書板(殺手：勇猛)	0	3037
242553	龍騎士書板(奧拉奇里亞)	0	3037
242554	龍騎士書板(堅固記事)	0	3037
242555	龍騎士書板(橫衝直撞)	0	3037
242556	龍騎士書板(哈爾巴斯)	0	3037
42082	指定傳送(船舶之墓 深海)	teleport.SOR_UserSet false	551
42048	指定傳送(歐姆地監)	teleport.SOR_UserSet false	551
41763	記憶擴充水晶	extra.ItemMemory 2	5193
70685	魔法卷軸 (魔法消除)	0	863
600029	血盟副君主任命調令	shop.GovernorPaper	466
83004	待設定	0	3293
600030	魔法娃娃：火焰之子箱子	0	2473
600031	魔法娃娃：少年帕克箱子	0	2473
600032	魔法娃娃：騎士帕克箱子	0	2473
600033	魔法娃娃：魔騎士帕克箱子	0	2473
600034	魔法娃娃：少女帕歐箱子	0	2473
600035	魔法娃娃：魔法師帕歐箱子	0	2473
600036	魔法娃娃：魔導師帕歐箱子	0	2473
600044	精準衝擊	0	0
600042	君臨天下	0	0
600043	鐵壁	0	0
600041	鐵血盟約	0	0
600037	君臨體魄	0	859
600038	王權怒火	0	0
600039	君王庇護	0	0
600040	榮耀光環	0	0
600045	鐵壁：精通	0	0
600046	衝鋒盾擊	0	0
600047	致命衝擊	0	0
600048	絕禦斬擊	0	0
600049	裂地之擊	0	0
600050	岩石屏障	0	0
600051	碎石之擊	0	0
600052	毀壞護甲	0	0
600053	大地共鳴	0	0
600054	鋼鐵壁壘	0	0
600055	冰寒箭雨	0	0
600056	水舞療癒	0	0
600057	冰晶箭雨	0	0
600058	水之詛咒	0	0
600059	生命湧泉	0	0
600060	獻祭之泉	0	0
600061	熾焰附魔	0	0
600062	烈焰印記	0	0
600063	爆裂附魔	0	0
600064	魂焰烙印	0	0
600065	三重炎舞	0	0
600066	焚焰刃擊	0	0
600067	蒼鷹之眼	0	0
600068	獵風印記	0	0
600069	蒼鷹之眼：暴風	0	0
600070	流風箭陣	0	0
600071	獵風印記：暴風	0	0
600072	亂雲渦旋	0	0
600073	奧術湧泉	0	0
600074	奧術脈衝	0	0
600075	奧術共鳴	0	0
600076	神聖庇護	0	0
600077	奧術衝擊	0	0
600078	魔法侵蝕	0	0
600079	影之突襲	0	0
600080	暗殺利刃	0	0
600081	影之狂襲	0	0
600082	影縫術	0	0
600083	刺殺者	0	0
600084	背襲	0	0
600085	屠戮鎖鏈	0	0
600086	奧拉奇里亞	0	0
600087	斷魂鎖鏈	0	0
600088	橫衝直撞	0	0
600089	奧拉奇里亞(覺醒)	0	0
600090	狂龍之眼	0	0
600091	幻影裁決	0	0
600092	幻獸防護	0	0
600093	幻滅骰擊	0	0
600094	混沌之觸	0	0
600095	幻獸屏障	0	0
600096	虛像	0	0
48005	盧恩鞋子技石	reel.Skillstone 5	468
48004	盧恩手套技石	reel.Skillstone 4	468
48003	盧恩盔甲技石	reel.Skillstone 3	468
48002	盧恩頭盔技石	reel.Skillstone 2	468
48001	盧恩武器技石	reel.Skillstone 1	468
48000	盧恩符文	reel.Skillstone 0	468
48006	充能石(高級)	reel.SkillstoneAddEnergy 100	468
48007	充能石(中級)	reel.SkillstoneAddEnergy 50	468
48008	充能石(初級)	reel.SkillstoneAddEnergy 10	468
48009	開技石槽槌子	reel.SkillstoneHammer	468
48010	技石提煉器	reel.SkillstoneRemover	468
48011	[啟示]盧恩符文	reel.Skillstone 10	468
48012	[命定]盧恩武器技石	reel.Skillstone 11	468
48013	[命定]盧恩頭盔技石	reel.Skillstone 12	468
48014	[命定]盧恩盔甲技石	reel.Skillstone 13	468
48015	[命定]盧恩手套技石	reel.Skillstone 14	468
48016	[命定]盧恩鞋子技石	reel.Skillstone 15	468
600126	驟痕武器強化卷軸	reel.E_AttrWeapon 8 2 6 36	3030
600125	風紋武器強化卷軸	reel.E_AttrWeapon 8 1 6 36	3030
600124	風之武器強化卷軸	reel.E_AttrWeapon 8 0 6 36	3030
600120	帕格里奧武器強化卷軸	reel.E_AttrWeapon 4 5 6 36	3032
600103	待設定武器強化卷軸	0	3028
600104	待設定武器強化卷軸	0	3028
600105	待設定武器強化卷軸	0	3028
600119	煉篆武器強化卷軸	reel.E_AttrWeapon 4 4 6 36	3032
600118	焚印武器強化卷軸	reel.E_AttrWeapon 4 3 6 36	3032
600117	炎痕武器強化卷軸	reel.E_AttrWeapon 4 2 6 36	3032
600116	火紋武器強化卷軸	reel.E_AttrWeapon 4 1 6 36	3032
600115	火之武器強化卷軸	reel.E_AttrWeapon 4 0 6 36	3032
600111	伊娃武器強化卷軸	reel.E_AttrWeapon 2 5 6 36	3029
600112	待設定武器強化卷軸	0	3029
600113	待設定武器強化卷軸	0	3029
600114	待設定武器強化卷軸	0	3029
600110	瀑篆武器強化卷軸	reel.E_AttrWeapon 2 4 6 36	3029
600109	潮印武器強化卷軸	reel.E_AttrWeapon 2 3 6 36	3029
600107	水紋武器強化卷軸	reel.E_AttrWeapon 2 1 6 36	3029
600106	水之武器強化卷軸	reel.E_AttrWeapon 2 0 6 36	3029
600121	待設定武器強化卷軸	0	3029
600122	待設定武器強化卷軸	0	3029
600123	待設定武器強化卷軸	0	3029
600102	馬普勒武器強化卷軸	reel.E_AttrWeapon 1 5 6 36	3028
600101	嶽篆武器強化卷軸	reel.E_AttrWeapon 1 4 6 36	3028
600100	磐印武器強化卷軸	reel.E_AttrWeapon 1 3 6 36	3028
600099	岩痕武器強化卷軸	reel.E_AttrWeapon 1 2 6 36	3028
600098	地紋武器強化卷軸	reel.E_AttrWeapon 1 1 6 36	3028
600130	待設定武器強化卷軸	0	3029
600131	待設定武器強化卷軸	0	3029
600132	待設定武器強化卷軸	0	3029
600133	待設定武器強化卷軸	0	3029
600134	待設定武器強化卷軸	0	3029
600135	待設定武器強化卷軸	0	3029
600136	待設定武器強化卷軸	0	3029
600137	待設定武器強化卷軸	0	3029
600138	待設定武器強化卷軸	0	3029
600139	待設定武器強化卷軸	0	3029
600140	待設定武器強化卷軸	0	3029
600141	待設定武器強化卷軸	0	3029
600142	待設定武器強化卷軸	0	3029
600143	待設定武器強化卷軸	0	3029
600144	待設定武器強化卷軸	0	3029
600145	待設定武器強化卷軸	0	3029
600146	待設定武器強化卷軸	0	3029
600147	待設定武器強化卷軸	0	3029
600148	待設定武器強化卷軸	0	3029
600149	待設定武器強化卷軸	0	3029
600150	待設定武器強化卷軸	0	3029
600151	待設定武器強化卷軸	0	3029
600152	待設定武器強化卷軸	0	3029
600153	待設定武器強化卷軸	0	3029
600154	待設定武器強化卷軸	0	3029
600155	待設定武器強化卷軸	0	3029
600156	待設定武器強化卷軸	0	3029
600157	待設定武器強化卷軸	0	3029
600158	待設定武器強化卷軸	0	3029
600159	待設定武器強化卷軸	0	3029
600160	待設定武器強化卷軸	0	3029
600161	待設定武器強化卷軸	0	3029
600162	待設定武器強化卷軸	0	3029
600163	待設定武器強化卷軸	0	3029
600164	待設定武器強化卷軸	0	3029
600165	待設定武器強化卷軸	0	3029
600166	待設定武器強化卷軸	0	3029
600167	待設定武器強化卷軸	0	3029
600168	待設定武器強化卷軸	0	3029
600108	波痕武器強化卷軸	reel.E_AttrWeapon 2 2 6 36	3029
600097	地之武器強化卷軸	reel.E_AttrWeapon 1 0 6 36	3028
600300	九國葉子	0	8062
600128	颶篆武器強化卷軸	reel.E_AttrWeapon 8 4 6 36	3030
600129	沙哈武器強化卷軸	reel.E_AttrWeapon 8 5 6 36	3030
600200	六序初序源晶	choice.LawPowerStone	0
600201	六序凝結源晶	choice.LawPowerStone	0
600202	六序共鳴源晶	choice.LawPowerStone	0
600203	六序聖化源晶	choice.LawPowerStone	0
